Order ID,Order Date,Month,Customer Name,Gender,Region,City,Category,Product Name,Brand,Size,Color,Units Sold,Unit Price,Discount %,Total Sales,Profit,Payment Mode,Delivery Status
ORD10001,2025-03-13,Mar,Customer_1,Men,South,Chennai,Jeans,Slim Jeans,Levis,S,Red,1,4966,0,4966.0,1358.34,Card,Delivered
ORD10002,2025-08-18,Aug,Customer_2,Unisex,West,Pune,Shirts,Casual Shirt,Fastrack,XL,Grey,5,2777,30,9719.5,3363.12,Cash,Delivered
ORD10003,2025-07-14,Jul,Customer_3,Men,North,Delhi,Shoes,Sneakers,Puma,XL,Blue,1,3439,30,2407.3,504.16,Net Banking,Delivered
ORD10004,2025-12-27,Dec,Customer_4,Men,East,Bhubaneswar,Jeans,Cargo Jeans,Levis,M,Blue,1,874,25,655.5,117.5,Net Banking,Delivered
ORD10005,2025-07-01,Jul,Customer_5,Men,South,Hyderabad,Bags,Travel Bag,Puma,Free Size,White,2,2686,25,4029.0,292.93,Wallet,Cancelled
ORD10006,2025-11-24,Nov,Customer_6,Men,West,Ahmedabad,Jackets,Denim Jacket,Allen Solly,S,Grey,5,2298,25,8617.5,1760.67,Net Banking,Delivered
ORD10007,2025-12-02,Dec,Customer_7,Men,East,Bhubaneswar,Bags,Backpack,H&M,M,Green,4,3740,25,11220.0,2684.96,Wallet,Delivered
ORD10008,2025-03-12,Mar,Customer_8,Men,East,Bhubaneswar,Dresses,Casual Dress,Roadster,M,Pink,5,4541,0,22705.0,7186.21,Wallet,Delivered
ORD10009,2025-10-11,Oct,Customer_9,Unisex,West,Ahmedabad,Jeans,Regular Jeans,Roadster,L,Blue,1,1437,25,1077.75,377.26,Cash,Delivered
ORD10010,2025-09-14,Sep,Customer_10,Unisex,North,Lucknow,Dresses,Maxi Dress,Allen Solly,Free Size,Red,2,4657,0,9314.0,3225.76,Card,Delivered
ORD10011,2025-09-08,Sep,Customer_11,Men,North,Lucknow,Watches,Analog Watch,Fastrack,S,Red,1,1415,10,1273.5,443.77,Wallet,Delivered
ORD10012,2025-03-07,Mar,Customer_12,Women,North,Jaipur,Jeans,Slim Jeans,Allen Solly,M,Red,4,1851,10,6663.6,342.77,Cash,Returned
ORD10013,2025-03-03,Mar,Customer_13,Unisex,West,Indore,Dresses,Casual Dress,Puma,M,Red,2,2339,0,4678.0,194.51,UPI,Returned
ORD10014,2025-01-17,Jan,Customer_14,Women,South,Bangalore,Jeans,Cargo Jeans,Nike,M,White,3,1079,20,2589.6,94.2,Wallet,Cancelled
ORD10015,2025-02-18,Feb,Customer_15,Unisex,West,Pune,Caps,Baseball Cap,Allen Solly,S,Blue,1,4030,10,3627.0,834.68,UPI,Delivered
ORD10016,2025-04-09,Apr,Customer_16,Women,North,Jaipur,Dresses,Casual Dress,Puma,XL,Red,2,4892,15,8316.4,1301.08,UPI,Delivered
ORD10017,2025-02-17,Feb,Customer_17,Women,North,Delhi,Caps,Snapback Cap,Adidas,S,White,2,1861,15,3163.7,779.11,Net Banking,Delivered
ORD10018,2025-08-05,Aug,Customer_18,Men,West,Ahmedabad,Shirts,Linen Shirt,Levis,Free Size,Black,5,4485,5,21303.75,3608.29,Cash,Delivered
ORD10019,2025-01-30,Jan,Customer_19,Men,West,Pune,Shirts,Formal Shirt,Tommy Hilfiger,M,Pink,5,1155,30,4042.5,136.08,UPI,Returned
ORD10020,2025-08-03,Aug,Customer_20,Unisex,North,Delhi,Jackets,Bomber Jacket,Tommy Hilfiger,L,Red,5,4781,10,21514.5,7810.27,Cash,Delivered
ORD10021,2025-02-07,Feb,Customer_21,Men,West,Ahmedabad,Dresses,Maxi Dress,Levis,Free Size,Red,1,4253,20,3402.4,1291.54,Wallet,Delivered
ORD10022,2025-07-09,Jul,Customer_22,Women,North,Jaipur,Bags,Handbag,Puma,Free Size,Black,3,1791,15,4567.05,307.61,Wallet,Cancelled
ORD10023,2025-02-24,Feb,Customer_23,Unisex,East,Kolkata,Bags,Backpack,Zara,L,Red,5,1772,10,7974.0,1541.03,Cash,Delivered
ORD10024,2025-05-22,May,Customer_24,Women,North,Chandigarh,Caps,Beanie,Nike,M,Brown,1,528,10,475.2,30.46,Wallet,Cancelled
ORD10025,2025-12-20,Dec,Customer_25,Unisex,North,Delhi,Dresses,Casual Dress,Nike,M,Pink,2,4968,0,9936.0,669.68,Card,Returned
ORD10026,2025-04-18,Apr,Customer_26,Unisex,North,Lucknow,Shirts,Polo Shirt,Puma,M,Red,2,1341,10,2413.8,779.25,Card,Delivered
ORD10027,2025-07-30,Jul,Customer_27,Women,South,Hyderabad,Shoes,Sandals,Nike,S,Brown,2,2684,5,5099.6,1655.93,Card,Delivered
ORD10028,2025-04-25,Apr,Customer_28,Women,East,Bhubaneswar,Jackets,Winter Jacket,Puma,L,Pink,1,2081,15,1768.85,363.23,Wallet,Delivered
ORD10029,2025-10-25,Oct,Customer_29,Unisex,East,Bhubaneswar,Watches,Analog Watch,Adidas,L,Pink,3,812,0,2436.0,670.16,Wallet,Delivered
ORD10030,2025-01-23,Jan,Customer_30,Unisex,South,Hyderabad,Jeans,Regular Jeans,Tommy Hilfiger,M,Grey,4,512,20,1638.4,118.18,Net Banking,Returned
ORD10031,2025-06-03,Jun,Customer_31,Unisex,East,Kolkata,Jeans,Cargo Jeans,Puma,L,White,5,3032,25,11370.0,2571.69,Card,Delivered
ORD10032,2025-07-27,Jul,Customer_32,Unisex,South,Hyderabad,Dresses,Casual Dress,Roadster,Free Size,Grey,5,502,10,2259.0,439.6,Net Banking,Delivered
ORD10033,2025-12-04,Dec,Customer_33,Women,West,Pune,Caps,Beanie,H&M,S,Red,1,2823,20,2258.4,132.16,Cash,Returned
ORD10034,2025-05-06,May,Customer_34,Unisex,North,Delhi,Jackets,Denim Jacket,Zara,M,Pink,4,1095,15,3723.0,169.59,Net Banking,Cancelled
ORD10035,2025-08-06,Aug,Customer_35,Women,North,Delhi,Dresses,Maxi Dress,Zara,S,Red,2,1939,30,2714.6,200.38,UPI,Returned
ORD10036,2025-11-10,Nov,Customer_36,Men,East,Guwahati,Caps,Baseball Cap,Allen Solly,XL,Brown,5,3994,30,13979.0,4973.48,Cash,Delivered
ORD10037,2025-05-21,May,Customer_37,Women,West,Pune,Jackets,Bomber Jacket,Levis,L,Blue,4,1133,25,3399.0,660.39,Card,Delivered
ORD10038,2025-02-02,Feb,Customer_38,Men,South,Chennai,Shoes,Sneakers,Roadster,M,Pink,4,3838,10,13816.8,3607.27,Net Banking,Delivered
ORD10039,2025-06-02,Jun,Customer_39,Unisex,North,Lucknow,Shirts,Linen Shirt,Allen Solly,M,Brown,4,3931,20,12579.2,790.86,Card,Returned
ORD10040,2025-06-22,Jun,Customer_40,Unisex,North,Chandigarh,Bags,Travel Bag,Allen Solly,Free Size,Black,4,1851,30,5182.8,1251.76,Net Banking,Delivered
ORD10041,2025-04-04,Apr,Customer_41,Women,South,Kochi,Shirts,Formal Shirt,Roadster,L,Pink,1,2630,15,2235.5,458.53,Cash,Delivered
ORD10042,2025-10-04,Oct,Customer_42,Men,West,Mumbai,Dresses,Party Dress,Adidas,S,Red,1,3365,5,3196.75,184.8,Card,Cancelled
ORD10043,2025-12-09,Dec,Customer_43,Men,South,Kochi,Shirts,Casual Shirt,H&M,Free Size,Blue,1,2284,15,1941.4,586.03,Card,Delivered
ORD10044,2025-10-22,Oct,Customer_44,Unisex,North,Lucknow,Bags,Backpack,Tommy Hilfiger,M,Blue,4,3748,25,11244.0,385.82,Cash,Returned
ORD10045,2025-12-05,Dec,Customer_45,Women,East,Guwahati,Jeans,Cargo Jeans,Nike,XL,Blue,3,1063,20,2551.2,735.67,Net Banking,Delivered
ORD10046,2025-04-01,Apr,Customer_46,Women,South,Kochi,Watches,Sports Watch,Allen Solly,XL,Pink,5,2711,20,10844.0,715.99,Wallet,Returned
ORD10047,2025-08-19,Aug,Customer_47,Women,North,Lucknow,Bags,Laptop Bag,H&M,S,Brown,2,4305,20,6888.0,1919.59,Cash,Delivered
ORD10048,2025-06-24,Jun,Customer_48,Men,East,Patna,Shoes,Sandals,H&M,M,Pink,3,2762,20,6628.8,812.95,Net Banking,Delivered
ORD10049,2025-01-09,Jan,Customer_49,Women,West,Indore,Jackets,Bomber Jacket,Allen Solly,Free Size,Grey,1,2909,5,2763.55,622.2,Net Banking,Delivered
ORD10050,2025-12-26,Dec,Customer_50,Unisex,East,Patna,Watches,Smart Watch,Fastrack,M,Grey,4,2718,10,9784.8,1813.76,UPI,Delivered
ORD10051,2025-10-29,Oct,Customer_51,Men,West,Ahmedabad,Shoes,Sneakers,H&M,L,White,5,2817,0,14085.0,4739.37,Cash,Delivered
ORD10052,2025-10-11,Oct,Customer_52,Men,North,Delhi,Shirts,Casual Shirt,Levis,S,Green,3,1533,25,3449.25,1192.75,Net Banking,Delivered
ORD10053,2025-05-10,May,Customer_53,Men,South,Bangalore,Caps,Beanie,Puma,Free Size,Black,4,1433,30,4012.4,549.66,Card,Delivered
ORD10054,2025-10-13,Oct,Customer_54,Women,South,Bangalore,Shoes,Formal Shoes,Adidas,L,Pink,4,2347,30,6571.6,1681.47,Cash,Delivered
ORD10055,2025-12-05,Dec,Customer_55,Men,South,Hyderabad,Shirts,Formal Shirt,H&M,S,Pink,1,1785,5,1695.75,280.12,Net Banking,Delivered
ORD10056,2025-12-28,Dec,Customer_56,Unisex,South,Hyderabad,Caps,Beanie,Nike,Free Size,Red,3,4218,0,12654.0,3780.0,Net Banking,Delivered
ORD10057,2025-03-14,Mar,Customer_57,Unisex,South,Hyderabad,Jeans,Cargo Jeans,H&M,Free Size,Green,1,987,5,937.65,61.15,Net Banking,Returned
ORD10058,2025-09-14,Sep,Customer_58,Women,West,Ahmedabad,Jeans,Regular Jeans,Levis,L,Green,5,4544,15,19312.0,2721.35,UPI,Delivered
ORD10059,2025-10-23,Oct,Customer_59,Women,North,Lucknow,Jeans,Slim Jeans,Tommy Hilfiger,M,Pink,1,1934,15,1643.9,419.08,Net Banking,Delivered
ORD10060,2025-06-14,Jun,Customer_60,Women,West,Ahmedabad,Jeans,Regular Jeans,Puma,XL,Black,1,1816,10,1634.4,371.05,Net Banking,Delivered
ORD10061,2025-07-26,Jul,Customer_61,Women,East,Kolkata,Jeans,Regular Jeans,Levis,S,Red,5,508,25,1905.0,659.2,Wallet,Delivered
ORD10062,2025-04-15,Apr,Customer_62,Unisex,West,Mumbai,Watches,Sports Watch,Allen Solly,XL,Blue,3,4998,5,14244.3,5144.97,UPI,Delivered
ORD10063,2025-10-10,Oct,Customer_63,Women,East,Kolkata,Jackets,Bomber Jacket,Zara,S,White,4,1262,5,4795.6,1812.67,Net Banking,Delivered
ORD10064,2025-05-05,May,Customer_64,Unisex,West,Indore,Bags,Laptop Bag,Roadster,M,Blue,4,1683,15,5722.2,194.05,Cash,Returned
ORD10065,2025-05-25,May,Customer_65,Women,East,Kolkata,Dresses,Party Dress,Fastrack,L,Grey,3,4510,30,9471.0,300.49,Wallet,Returned
ORD10066,2025-10-20,Oct,Customer_66,Women,South,Chennai,Dresses,Party Dress,Puma,XL,Pink,4,2412,30,6753.6,2172.24,Net Banking,Delivered
ORD10067,2025-02-21,Feb,Customer_67,Unisex,South,Hyderabad,Shoes,Sandals,Nike,M,Pink,4,1315,20,4208.0,1501.06,Card,Delivered
ORD10068,2025-11-29,Nov,Customer_68,Women,East,Guwahati,Jeans,Regular Jeans,Levis,L,Brown,1,3190,30,2233.0,131.9,Wallet,Returned
ORD10069,2025-02-16,Feb,Customer_69,Women,East,Bhubaneswar,Shirts,Formal Shirt,H&M,M,Green,4,1305,30,3654.0,1040.57,UPI,Delivered
ORD10070,2025-07-11,Jul,Customer_70,Unisex,East,Patna,Shirts,Polo Shirt,Nike,M,White,4,1691,5,6425.8,331.7,Card,Returned
ORD10071,2025-10-26,Oct,Customer_71,Women,South,Kochi,Jeans,Cargo Jeans,Roadster,S,Brown,2,2401,15,4081.7,1166.78,Cash,Delivered
ORD10072,2025-11-24,Nov,Customer_72,Women,East,Patna,Shoes,Running Shoes,Allen Solly,XL,Blue,4,2547,15,8659.8,2942.42,Card,Delivered
ORD10073,2025-01-12,Jan,Customer_73,Unisex,East,Patna,Dresses,Casual Dress,Puma,S,Brown,4,2747,0,10988.0,587.07,Cash,Cancelled
ORD10074,2025-11-14,Nov,Customer_74,Unisex,South,Chennai,Jackets,Bomber Jacket,Puma,S,Green,3,1619,25,3642.75,105.83,Net Banking,Cancelled
ORD10075,2025-06-17,Jun,Customer_75,Women,North,Lucknow,Shirts,Polo Shirt,Zara,Free Size,Green,4,1937,5,7360.6,227.24,Card,Returned
ORD10076,2025-08-28,Aug,Customer_76,Unisex,East,Kolkata,Bags,Travel Bag,Levis,XL,Grey,1,1652,30,1156.4,85.87,UPI,Cancelled
ORD10077,2025-07-08,Jul,Customer_77,Men,North,Chandigarh,Dresses,Maxi Dress,Levis,M,Brown,3,3620,30,7602.0,2174.35,UPI,Delivered
ORD10078,2025-12-25,Dec,Customer_78,Women,North,Chandigarh,Watches,Sports Watch,H&M,XL,Blue,3,3843,0,11529.0,1802.47,UPI,Delivered
ORD10079,2025-07-09,Jul,Customer_79,Women,West,Indore,Jackets,Bomber Jacket,Zara,S,Brown,5,3932,20,15728.0,4922.71,Wallet,Delivered
ORD10080,2025-08-16,Aug,Customer_80,Women,East,Bhubaneswar,Dresses,Party Dress,Nike,Free Size,Grey,4,2433,30,6812.4,291.98,UPI,Cancelled
ORD10081,2025-02-16,Feb,Customer_81,Men,North,Chandigarh,Dresses,Party Dress,H&M,Free Size,Red,2,673,0,1346.0,436.87,UPI,Delivered
ORD10082,2025-03-17,Mar,Customer_82,Men,South,Hyderabad,Jackets,Bomber Jacket,H&M,Free Size,Green,5,522,10,2349.0,806.14,Card,Delivered
ORD10083,2025-07-03,Jul,Customer_83,Men,South,Bangalore,Jeans,Cargo Jeans,Nike,XL,Blue,2,3151,0,6302.0,1041.75,UPI,Delivered
ORD10084,2025-09-15,Sep,Customer_84,Unisex,North,Chandigarh,Caps,Beanie,Puma,L,Brown,2,854,25,1281.0,82.92,UPI,Cancelled
ORD10085,2025-09-09,Sep,Customer_85,Men,West,Mumbai,Shirts,Linen Shirt,Roadster,M,Green,4,1101,0,4404.0,897.31,Wallet,Delivered
ORD10086,2025-09-16,Sep,Customer_86,Unisex,East,Guwahati,Watches,Smart Watch,Tommy Hilfiger,Free Size,Red,5,4023,0,20115.0,6561.61,Net Banking,Delivered
ORD10087,2025-07-24,Jul,Customer_87,Women,East,Guwahati,Caps,Baseball Cap,Roadster,L,White,4,1277,10,4597.2,212.35,Net Banking,Cancelled
ORD10088,2025-02-19,Feb,Customer_88,Unisex,North,Chandigarh,Jeans,Slim Jeans,Adidas,L,Blue,3,1564,20,3753.6,101.79,Net Banking,Returned
ORD10089,2025-11-04,Nov,Customer_89,Men,North,Lucknow,Watches,Sports Watch,Roadster,XL,Red,3,3379,0,10137.0,2739.61,UPI,Delivered
ORD10090,2025-10-21,Oct,Customer_90,Unisex,North,Lucknow,Watches,Sports Watch,Puma,Free Size,Black,2,4014,30,5619.6,298.8,Wallet,Returned
ORD10091,2025-06-23,Jun,Customer_91,Unisex,East,Patna,Bags,Backpack,Zara,XL,Blue,3,549,5,1564.65,108.33,Card,Returned
ORD10092,2025-08-03,Aug,Customer_92,Women,South,Kochi,Shirts,Formal Shirt,Fastrack,Free Size,Blue,4,3291,5,12505.8,540.79,UPI,Cancelled
ORD10093,2025-05-20,May,Customer_93,Women,North,Delhi,Shoes,Sneakers,Tommy Hilfiger,M,Blue,4,3972,15,13504.8,3752.17,Cash,Delivered
ORD10094,2025-01-24,Jan,Customer_94,Women,West,Ahmedabad,Dresses,Maxi Dress,Levis,M,White,2,3736,20,5977.6,802.45,Cash,Delivered
ORD10095,2025-08-09,Aug,Customer_95,Unisex,North,Chandigarh,Bags,Laptop Bag,Adidas,Free Size,Grey,2,1557,15,2646.9,684.15,UPI,Delivered
ORD10096,2025-08-24,Aug,Customer_96,Unisex,West,Mumbai,Dresses,Casual Dress,Nike,XL,Green,1,3063,20,2450.4,567.55,UPI,Delivered
ORD10097,2025-12-20,Dec,Customer_97,Women,South,Kochi,Dresses,Maxi Dress,Puma,Free Size,Pink,3,1220,15,3111.0,1056.39,Wallet,Delivered
ORD10098,2025-06-20,Jun,Customer_98,Unisex,East,Bhubaneswar,Jeans,Regular Jeans,Levis,M,Grey,2,1124,20,1798.4,102.38,Cash,Returned
ORD10099,2025-04-12,Apr,Customer_99,Men,South,Hyderabad,Shoes,Sneakers,Adidas,XL,Brown,2,1751,30,2451.4,778.02,Wallet,Delivered
ORD10100,2025-03-19,Mar,Customer_100,Women,East,Patna,Caps,Snapback Cap,Tommy Hilfiger,Free Size,Black,4,1058,15,3597.2,845.25,Cash,Delivered
ORD10101,2025-01-30,Jan,Customer_101,Unisex,West,Mumbai,Jeans,Regular Jeans,Allen Solly,Free Size,Pink,3,2850,0,8550.0,2459.09,Net Banking,Delivered
ORD10102,2025-11-06,Nov,Customer_102,Men,South,Hyderabad,Shirts,Linen Shirt,Tommy Hilfiger,L,Blue,4,4606,5,17502.8,6458.67,Wallet,Delivered
ORD10103,2025-09-26,Sep,Customer_103,Women,West,Indore,Shoes,Running Shoes,H&M,XL,Grey,5,1799,10,8095.5,1756.25,Wallet,Delivered
ORD10104,2025-10-13,Oct,Customer_104,Unisex,East,Kolkata,Shirts,Polo Shirt,Adidas,M,Grey,4,2826,10,10173.6,627.04,UPI,Cancelled
ORD10105,2025-11-01,Nov,Customer_105,Men,West,Pune,Shoes,Formal Shoes,Levis,Free Size,Blue,1,3035,20,2428.0,529.15,Net Banking,Delivered
ORD10106,2025-04-20,Apr,Customer_106,Men,East,Bhubaneswar,Watches,Analog Watch,Puma,S,Green,3,4482,5,12773.7,2285.23,UPI,Delivered
ORD10107,2025-03-20,Mar,Customer_107,Men,South,Kochi,Shirts,Polo Shirt,Tommy Hilfiger,XL,Black,2,1980,30,2772.0,166.4,Net Banking,Returned
ORD10108,2025-08-18,Aug,Customer_108,Men,West,Ahmedabad,Watches,Sports Watch,H&M,L,Brown,2,4873,5,9258.7,1856.01,Net Banking,Delivered
ORD10109,2025-04-13,Apr,Customer_109,Women,West,Pune,Bags,Travel Bag,Fastrack,L,Blue,5,1632,30,5712.0,211.34,Wallet,Cancelled
ORD10110,2025-08-19,Aug,Customer_110,Women,South,Hyderabad,Jeans,Regular Jeans,Adidas,L,Black,5,1706,30,5971.0,1395.68,Net Banking,Delivered
ORD10111,2025-07-17,Jul,Customer_111,Unisex,East,Bhubaneswar,Shirts,Linen Shirt,Fastrack,L,White,1,3570,5,3391.5,431.84,Card,Delivered
ORD10112,2025-08-18,Aug,Customer_112,Men,South,Kochi,Shirts,Polo Shirt,Allen Solly,Free Size,Pink,5,542,0,2710.0,338.59,UPI,Delivered
ORD10113,2025-05-03,May,Customer_113,Unisex,North,Delhi,Bags,Handbag,Levis,Free Size,Black,4,4243,0,16972.0,2525.82,Wallet,Delivered
ORD10114,2025-01-01,Jan,Customer_114,Unisex,East,Guwahati,Jackets,Bomber Jacket,Zara,S,Grey,5,3389,5,16097.75,4320.19,UPI,Delivered
ORD10115,2025-07-11,Jul,Customer_115,Men,North,Chandigarh,Shirts,Linen Shirt,Allen Solly,S,Grey,3,632,10,1706.4,554.61,Card,Delivered
ORD10116,2025-12-17,Dec,Customer_116,Men,East,Bhubaneswar,Shirts,Polo Shirt,Fastrack,XL,Black,4,4419,25,13257.0,2219.12,Cash,Delivered
ORD10117,2025-06-08,Jun,Customer_117,Men,North,Lucknow,Jackets,Denim Jacket,H&M,M,Green,5,3761,30,13163.5,3438.15,Cash,Delivered
ORD10118,2025-08-12,Aug,Customer_118,Women,North,Lucknow,Shirts,Polo Shirt,Levis,XL,Grey,4,4101,15,13943.4,2902.31,Wallet,Delivered
ORD10119,2025-11-05,Nov,Customer_119,Women,North,Chandigarh,Bags,Backpack,Roadster,L,Green,2,4967,10,8940.6,1819.55,Net Banking,Delivered
ORD10120,2025-01-22,Jan,Customer_120,Men,East,Guwahati,Dresses,Maxi Dress,Allen Solly,XL,Grey,3,4062,10,10967.4,3139.55,Wallet,Delivered
ORD10121,2025-03-06,Mar,Customer_121,Women,West,Mumbai,Shoes,Running Shoes,Zara,Free Size,Black,1,2432,30,1702.4,489.85,Wallet,Delivered
ORD10122,2025-02-09,Feb,Customer_122,Unisex,East,Guwahati,Shoes,Sandals,Puma,L,Red,5,1626,20,6504.0,1401.01,UPI,Delivered
ORD10123,2025-05-15,May,Customer_123,Unisex,West,Mumbai,Shirts,Casual Shirt,Allen Solly,XL,Red,3,4154,5,11838.9,4487.59,UPI,Delivered
ORD10124,2025-02-14,Feb,Customer_124,Women,South,Kochi,Shoes,Running Shoes,Allen Solly,L,White,3,3345,25,7526.25,206.04,Card,Returned
ORD10125,2025-03-13,Mar,Customer_125,Women,North,Jaipur,Watches,Sports Watch,H&M,XL,White,2,4546,0,9092.0,388.83,Wallet,Returned
ORD10126,2025-09-27,Sep,Customer_126,Women,West,Indore,Jeans,Slim Jeans,Levis,S,Brown,4,3853,30,10788.4,2907.19,Net Banking,Delivered
ORD10127,2025-08-10,Aug,Customer_127,Women,South,Chennai,Watches,Analog Watch,Fastrack,M,White,5,952,30,3332.0,507.4,Cash,Delivered
ORD10128,2025-05-09,May,Customer_128,Unisex,East,Kolkata,Jackets,Winter Jacket,Fastrack,S,White,2,2747,5,5219.3,294.9,Wallet,Returned
ORD10129,2025-01-15,Jan,Customer_129,Unisex,East,Kolkata,Shoes,Sneakers,Tommy Hilfiger,M,Pink,1,871,25,653.25,209.34,Wallet,Delivered
ORD10130,2025-09-05,Sep,Customer_130,Men,East,Patna,Shirts,Linen Shirt,Fastrack,M,Brown,2,3825,10,6885.0,327.62,Net Banking,Cancelled
ORD10131,2025-06-10,Jun,Customer_131,Unisex,East,Bhubaneswar,Caps,Beanie,H&M,Free Size,Blue,3,3328,15,8486.4,1306.9,Cash,Delivered
ORD10132,2025-05-07,May,Customer_132,Unisex,East,Guwahati,Jackets,Winter Jacket,Adidas,XL,Red,2,1292,0,2584.0,505.06,Card,Delivered
ORD10133,2025-09-13,Sep,Customer_133,Men,South,Chennai,Watches,Sports Watch,Puma,S,Pink,5,4323,15,18372.75,6404.0,Wallet,Delivered
ORD10134,2025-01-26,Jan,Customer_134,Unisex,East,Kolkata,Caps,Baseball Cap,H&M,XL,Green,3,4553,20,10927.2,763.61,Wallet,Cancelled
ORD10135,2025-07-07,Jul,Customer_135,Unisex,South,Hyderabad,Shirts,Formal Shirt,Roadster,M,Grey,4,3496,0,13984.0,626.91,Wallet,Returned
ORD10136,2025-11-16,Nov,Customer_136,Women,West,Ahmedabad,Bags,Backpack,Roadster,L,Grey,5,1472,5,6992.0,2611.66,Card,Delivered
ORD10137,2025-01-24,Jan,Customer_137,Unisex,West,Mumbai,Jackets,Bomber Jacket,Fastrack,XL,White,1,1621,25,1215.75,251.16,Wallet,Delivered
ORD10138,2025-07-21,Jul,Customer_138,Unisex,East,Bhubaneswar,Shoes,Formal Shoes,Tommy Hilfiger,XL,Green,5,2950,20,11800.0,489.6,Net Banking,Returned
ORD10139,2025-10-26,Oct,Customer_139,Unisex,North,Chandigarh,Shirts,Polo Shirt,Puma,Free Size,Red,3,717,20,1720.8,83.77,UPI,Cancelled
ORD10140,2025-12-15,Dec,Customer_140,Men,West,Pune,Caps,Baseball Cap,Fastrack,S,Brown,2,757,20,1211.2,443.95,Cash,Delivered
ORD10141,2025-09-14,Sep,Customer_141,Men,South,Kochi,Dresses,Maxi Dress,Roadster,M,Red,5,4362,30,15267.0,1039.92,Wallet,Cancelled
ORD10142,2025-03-30,Mar,Customer_142,Unisex,West,Ahmedabad,Watches,Sports Watch,Allen Solly,L,Brown,4,4866,10,17517.6,918.03,Card,Cancelled
ORD10143,2025-06-02,Jun,Customer_143,Women,East,Bhubaneswar,Jackets,Winter Jacket,Fastrack,L,Green,3,2197,25,4943.25,1499.27,Cash,Delivered
ORD10144,2025-06-26,Jun,Customer_144,Men,West,Indore,Jeans,Cargo Jeans,Fastrack,L,Brown,2,2878,0,5756.0,224.24,Cash,Cancelled
ORD10145,2025-03-12,Mar,Customer_145,Men,East,Patna,Caps,Baseball Cap,H&M,M,Black,1,2459,5,2336.05,62.23,UPI,Returned
ORD10146,2025-01-03,Jan,Customer_146,Women,North,Jaipur,Dresses,Party Dress,Allen Solly,M,Green,5,1792,15,7616.0,2206.75,Cash,Delivered
ORD10147,2025-03-31,Mar,Customer_147,Women,South,Bangalore,Bags,Backpack,Adidas,M,Green,4,1939,0,7756.0,2941.58,UPI,Delivered
ORD10148,2025-05-26,May,Customer_148,Unisex,North,Lucknow,Shirts,Polo Shirt,Tommy Hilfiger,XL,Green,4,4949,20,15836.8,3934.13,Card,Delivered
ORD10149,2025-04-06,Apr,Customer_149,Men,West,Ahmedabad,Jeans,Regular Jeans,Zara,M,Pink,1,3260,30,2282.0,89.78,Net Banking,Cancelled
ORD10150,2025-03-13,Mar,Customer_150,Men,North,Jaipur,Watches,Analog Watch,Roadster,XL,Green,4,3149,5,11966.2,1457.19,Cash,Delivered
ORD10151,2025-02-01,Feb,Customer_151,Unisex,East,Bhubaneswar,Bags,Backpack,Levis,L,Blue,1,4311,10,3879.9,125.34,Cash,Cancelled
ORD10152,2025-09-02,Sep,Customer_152,Women,South,Chennai,Watches,Sports Watch,H&M,Free Size,Brown,2,4226,25,6339.0,2390.42,Wallet,Delivered
ORD10153,2025-09-28,Sep,Customer_153,Unisex,North,Chandigarh,Jackets,Denim Jacket,Tommy Hilfiger,M,White,3,1138,20,2731.2,81.48,Card,Returned
ORD10154,2025-10-26,Oct,Customer_154,Women,North,Jaipur,Watches,Sports Watch,Allen Solly,M,Pink,4,1243,20,3977.6,938.02,Net Banking,Delivered
ORD10155,2025-05-11,May,Customer_155,Women,North,Chandigarh,Shirts,Linen Shirt,Levis,S,Black,1,2284,20,1827.2,253.96,UPI,Delivered
ORD10156,2025-03-11,Mar,Customer_156,Women,West,Pune,Caps,Baseball Cap,Levis,S,White,4,3566,15,12124.4,2868.87,Cash,Delivered
ORD10157,2025-04-25,Apr,Customer_157,Unisex,West,Pune,Jeans,Slim Jeans,Fastrack,XL,Pink,1,685,10,616.5,29.64,Card,Cancelled
ORD10158,2025-04-07,Apr,Customer_158,Men,South,Hyderabad,Jackets,Winter Jacket,Puma,M,Red,1,762,30,533.4,31.11,UPI,Returned
ORD10159,2025-05-06,May,Customer_159,Men,West,Mumbai,Jeans,Cargo Jeans,Nike,M,Green,1,3794,15,3224.9,583.48,Card,Delivered
ORD10160,2025-06-04,Jun,Customer_160,Men,East,Bhubaneswar,Watches,Sports Watch,Tommy Hilfiger,Free Size,White,2,4769,5,9061.1,2061.63,Net Banking,Delivered
ORD10161,2025-12-23,Dec,Customer_161,Unisex,West,Ahmedabad,Caps,Baseball Cap,Puma,XL,Red,4,3843,5,14603.4,2891.05,Card,Delivered
ORD10162,2025-08-02,Aug,Customer_162,Men,North,Chandigarh,Bags,Handbag,Allen Solly,L,Blue,5,4840,5,22990.0,5080.54,Net Banking,Delivered
ORD10163,2025-05-18,May,Customer_163,Unisex,South,Bangalore,Watches,Analog Watch,Fastrack,Free Size,Red,4,822,30,2301.6,63.95,Net Banking,Returned
ORD10164,2025-04-08,Apr,Customer_164,Men,North,Jaipur,Jackets,Winter Jacket,Levis,XL,Red,1,4422,5,4200.9,252.78,Wallet,Cancelled
ORD10165,2025-06-07,Jun,Customer_165,Men,West,Ahmedabad,Watches,Smart Watch,Roadster,XL,Grey,3,3445,20,8268.0,2889.92,Card,Delivered
ORD10166,2025-03-16,Mar,Customer_166,Unisex,North,Jaipur,Watches,Smart Watch,Roadster,XL,Green,1,2635,20,2108.0,153.06,Card,Returned
ORD10167,2025-09-13,Sep,Customer_167,Unisex,West,Pune,Jackets,Winter Jacket,H&M,XL,Brown,5,3264,10,14688.0,4677.74,Card,Delivered
ORD10168,2025-10-05,Oct,Customer_168,Unisex,West,Pune,Watches,Analog Watch,Zara,S,Black,1,4791,0,4791.0,1620.11,Net Banking,Delivered
ORD10169,2025-04-22,Apr,Customer_169,Unisex,South,Bangalore,Shoes,Sneakers,Adidas,Free Size,Brown,5,4234,10,19053.0,517.16,Net Banking,Cancelled
ORD10170,2025-01-09,Jan,Customer_170,Unisex,West,Mumbai,Shirts,Formal Shirt,Fastrack,XL,White,5,2749,20,10996.0,4114.09,UPI,Delivered
ORD10171,2025-11-14,Nov,Customer_171,Men,South,Chennai,Jeans,Cargo Jeans,Zara,L,Pink,5,2566,30,8981.0,1905.36,Net Banking,Delivered
ORD10172,2025-12-01,Dec,Customer_172,Women,East,Kolkata,Jackets,Bomber Jacket,H&M,S,Black,1,1264,15,1074.4,46.97,Card,Returned
ORD10173,2025-09-28,Sep,Customer_173,Unisex,East,Kolkata,Jeans,Regular Jeans,Roadster,XL,Green,1,2381,5,2261.95,160.3,UPI,Cancelled
ORD10174,2025-06-11,Jun,Customer_174,Women,North,Jaipur,Jeans,Cargo Jeans,Levis,S,Green,1,2196,20,1756.8,55.34,Card,Cancelled
ORD10175,2025-03-13,Mar,Customer_175,Men,East,Guwahati,Jackets,Bomber Jacket,Roadster,XL,Red,1,4601,25,3450.75,1288.25,UPI,Delivered
ORD10176,2025-01-16,Jan,Customer_176,Women,West,Ahmedabad,Watches,Sports Watch,Tommy Hilfiger,XL,White,3,4189,15,10681.95,383.09,Wallet,Returned
ORD10177,2025-02-07,Feb,Customer_177,Men,East,Bhubaneswar,Dresses,Maxi Dress,Tommy Hilfiger,XL,Grey,1,2694,5,2559.3,111.99,Cash,Cancelled
ORD10178,2025-07-04,Jul,Customer_178,Women,East,Guwahati,Jeans,Slim Jeans,Nike,Free Size,Pink,3,1336,5,3807.6,543.33,UPI,Delivered
ORD10179,2025-07-17,Jul,Customer_179,Unisex,North,Lucknow,Shirts,Formal Shirt,Puma,Free Size,Red,1,2889,15,2455.65,542.28,Wallet,Delivered
ORD10180,2025-06-04,Jun,Customer_180,Women,South,Hyderabad,Shoes,Sandals,Zara,XL,Green,3,4538,5,12933.3,1764.74,Net Banking,Delivered
ORD10181,2025-11-01,Nov,Customer_181,Men,South,Kochi,Jeans,Regular Jeans,Levis,XL,Grey,5,2100,15,8925.0,1319.23,Wallet,Delivered
ORD10182,2025-11-30,Nov,Customer_182,Men,East,Guwahati,Dresses,Party Dress,Allen Solly,XL,Grey,5,1614,10,7263.0,295.42,Card,Cancelled
ORD10183,2025-06-16,Jun,Customer_183,Men,West,Pune,Dresses,Party Dress,Levis,Free Size,Red,4,2795,30,7826.0,2538.17,Wallet,Delivered
ORD10184,2025-05-30,May,Customer_184,Women,South,Kochi,Shoes,Running Shoes,Allen Solly,M,Green,1,3850,25,2887.5,144.27,Card,Cancelled
ORD10185,2025-10-26,Oct,Customer_185,Women,West,Indore,Dresses,Party Dress,Adidas,Free Size,Black,4,4876,20,15603.2,1123.77,Cash,Cancelled
ORD10186,2025-11-28,Nov,Customer_186,Unisex,East,Bhubaneswar,Jeans,Slim Jeans,H&M,XL,Grey,5,861,20,3444.0,258.81,Net Banking,Cancelled
ORD10187,2025-09-19,Sep,Customer_187,Unisex,East,Bhubaneswar,Jeans,Slim Jeans,Adidas,Free Size,White,5,2309,15,9813.25,2132.14,Cash,Delivered
ORD10188,2025-02-13,Feb,Customer_188,Men,East,Guwahati,Shirts,Linen Shirt,Adidas,Free Size,Brown,1,1659,10,1493.1,300.25,Cash,Delivered
ORD10189,2025-02-04,Feb,Customer_189,Women,West,Ahmedabad,Caps,Baseball Cap,Allen Solly,S,White,3,865,30,1816.5,553.67,Card,Delivered
ORD10190,2025-04-29,Apr,Customer_190,Women,West,Indore,Shoes,Sneakers,Puma,S,Red,4,2010,5,7638.0,2188.47,Net Banking,Delivered
ORD10191,2025-05-23,May,Customer_191,Women,South,Chennai,Dresses,Party Dress,Nike,L,Red,1,1332,30,932.4,323.28,Net Banking,Delivered
ORD10192,2025-11-09,Nov,Customer_192,Unisex,East,Guwahati,Jeans,Regular Jeans,Allen Solly,M,Green,4,1434,10,5162.4,1091.93,Wallet,Delivered
ORD10193,2025-05-03,May,Customer_193,Unisex,East,Kolkata,Jeans,Cargo Jeans,Zara,XL,Pink,3,1457,5,4152.45,901.33,Wallet,Delivered
ORD10194,2025-11-22,Nov,Customer_194,Men,South,Kochi,Shoes,Sandals,Roadster,M,Grey,5,1918,20,7672.0,1253.49,Net Banking,Delivered
ORD10195,2025-04-10,Apr,Customer_195,Women,West,Pune,Shirts,Polo Shirt,Nike,XL,Brown,4,4639,25,13917.0,692.21,Net Banking,Cancelled
ORD10196,2025-05-30,May,Customer_196,Women,North,Jaipur,Shoes,Running Shoes,Tommy Hilfiger,Free Size,Brown,1,2750,5,2612.5,678.67,Wallet,Delivered
ORD10197,2025-10-05,Oct,Customer_197,Men,East,Patna,Jeans,Cargo Jeans,Adidas,M,Green,1,4114,20,3291.2,581.95,UPI,Delivered
ORD10198,2025-03-02,Mar,Customer_198,Women,North,Chandigarh,Caps,Beanie,Puma,Free Size,Pink,2,2218,30,3105.2,193.63,Card,Cancelled
ORD10199,2025-09-30,Sep,Customer_199,Women,North,Lucknow,Shoes,Sneakers,H&M,L,Green,3,4912,5,13999.2,571.59,Wallet,Cancelled
ORD10200,2025-12-02,Dec,Customer_200,Men,North,Lucknow,Jeans,Slim Jeans,Roadster,XL,Brown,2,1586,5,3013.4,476.19,Card,Delivered
ORD10201,2025-11-21,Nov,Customer_201,Women,West,Mumbai,Bags,Travel Bag,Roadster,XL,Brown,1,3799,20,3039.2,191.44,Cash,Cancelled
ORD10202,2025-10-01,Oct,Customer_202,Women,East,Kolkata,Shirts,Formal Shirt,Allen Solly,L,Green,4,2283,15,7762.2,2596.15,Cash,Delivered
ORD10203,2025-02-20,Feb,Customer_203,Women,North,Delhi,Shoes,Sandals,Puma,XL,Black,4,632,0,2528.0,914.26,Net Banking,Delivered
ORD10204,2025-05-21,May,Customer_204,Unisex,East,Bhubaneswar,Jackets,Bomber Jacket,Zara,M,Black,1,3451,10,3105.9,87.85,Net Banking,Cancelled
ORD10205,2025-01-01,Jan,Customer_205,Unisex,North,Delhi,Bags,Handbag,Roadster,XL,Black,2,4405,0,8810.0,1361.16,UPI,Delivered
ORD10206,2025-02-06,Feb,Customer_206,Men,South,Kochi,Watches,Analog Watch,Roadster,L,Grey,2,3637,0,7274.0,2254.93,Cash,Delivered
ORD10207,2025-09-29,Sep,Customer_207,Women,South,Bangalore,Shoes,Sandals,Zara,M,White,5,568,20,2272.0,656.62,Net Banking,Delivered
ORD10208,2025-03-05,Mar,Customer_208,Men,North,Jaipur,Caps,Baseball Cap,Adidas,M,Green,5,3644,10,16398.0,6074.55,UPI,Delivered
ORD10209,2025-12-04,Dec,Customer_209,Unisex,East,Kolkata,Jackets,Bomber Jacket,Tommy Hilfiger,XL,Green,3,2182,20,5236.8,1454.79,UPI,Delivered
ORD10210,2025-09-13,Sep,Customer_210,Women,North,Jaipur,Jackets,Winter Jacket,Roadster,L,White,5,1080,20,4320.0,1516.62,Net Banking,Delivered
ORD10211,2025-02-07,Feb,Customer_211,Men,South,Kochi,Dresses,Party Dress,Fastrack,XL,Green,1,1052,0,1052.0,197.95,Wallet,Delivered
ORD10212,2025-05-23,May,Customer_212,Men,North,Jaipur,Dresses,Party Dress,Roadster,Free Size,Grey,1,3037,0,3037.0,768.18,Net Banking,Delivered
ORD10213,2025-05-06,May,Customer_213,Men,South,Bangalore,Jeans,Regular Jeans,Roadster,L,White,1,4058,0,4058.0,193.06,UPI,Returned
ORD10214,2025-06-27,Jun,Customer_214,Men,South,Kochi,Shirts,Casual Shirt,Nike,L,White,5,4736,30,16576.0,5533.93,Cash,Delivered
ORD10215,2025-09-26,Sep,Customer_215,Men,West,Ahmedabad,Jeans,Slim Jeans,Puma,XL,Brown,1,2653,25,1989.75,148.64,Wallet,Cancelled
ORD10216,2025-03-22,Mar,Customer_216,Men,South,Hyderabad,Watches,Analog Watch,Allen Solly,Free Size,Black,3,1341,20,3218.4,950.3,UPI,Delivered
ORD10217,2025-07-16,Jul,Customer_217,Unisex,West,Ahmedabad,Shirts,Casual Shirt,Nike,XL,Red,2,1965,30,2751.0,71.08,Cash,Cancelled
ORD10218,2025-10-20,Oct,Customer_218,Men,East,Kolkata,Jackets,Winter Jacket,Puma,M,Black,3,1477,20,3544.8,1045.95,Net Banking,Delivered
ORD10219,2025-02-14,Feb,Customer_219,Unisex,East,Patna,Jeans,Regular Jeans,Levis,L,Red,5,4240,0,21200.0,4577.48,Net Banking,Delivered
ORD10220,2025-03-19,Mar,Customer_220,Unisex,South,Chennai,Watches,Sports Watch,Allen Solly,S,Grey,1,3858,0,3858.0,696.68,UPI,Delivered
ORD10221,2025-09-29,Sep,Customer_221,Unisex,North,Jaipur,Dresses,Casual Dress,Levis,L,Blue,2,3938,15,6694.6,2476.39,UPI,Delivered
ORD10222,2025-02-13,Feb,Customer_222,Men,East,Guwahati,Jackets,Bomber Jacket,Roadster,Free Size,Black,5,1281,20,5124.0,792.75,Net Banking,Delivered
ORD10223,2025-07-21,Jul,Customer_223,Men,East,Patna,Shoes,Sneakers,Levis,M,Blue,3,3104,15,7915.2,1509.5,Card,Delivered
ORD10224,2025-07-28,Jul,Customer_224,Women,West,Ahmedabad,Jeans,Slim Jeans,Allen Solly,L,Brown,1,4889,10,4400.1,1631.58,Cash,Delivered
ORD10225,2025-04-21,Apr,Customer_225,Women,East,Kolkata,Jeans,Slim Jeans,Zara,Free Size,Black,3,1714,0,5142.0,1567.8,Cash,Delivered
ORD10226,2025-10-12,Oct,Customer_226,Men,West,Indore,Bags,Handbag,Nike,S,Black,5,2545,0,12725.0,3055.67,Card,Delivered
ORD10227,2025-10-26,Oct,Customer_227,Men,East,Kolkata,Shoes,Sneakers,Roadster,XL,White,5,2619,30,9166.5,1278.7,UPI,Delivered
ORD10228,2025-03-28,Mar,Customer_228,Men,West,Mumbai,Watches,Analog Watch,Nike,XL,Pink,5,4047,30,14164.5,4367.65,Card,Delivered
ORD10229,2025-08-17,Aug,Customer_229,Unisex,East,Patna,Watches,Analog Watch,Zara,L,Brown,2,782,20,1251.2,351.57,Net Banking,Delivered
ORD10230,2025-03-12,Mar,Customer_230,Men,East,Guwahati,Caps,Baseball Cap,Adidas,Free Size,Black,4,2132,25,6396.0,447.73,Net Banking,Returned
ORD10231,2025-10-17,Oct,Customer_231,Women,West,Ahmedabad,Watches,Smart Watch,Fastrack,Free Size,Red,5,3133,15,13315.25,2534.07,UPI,Delivered
ORD10232,2025-03-23,Mar,Customer_232,Unisex,East,Bhubaneswar,Bags,Backpack,Allen Solly,S,Red,1,2529,25,1896.75,69.31,Wallet,Returned
ORD10233,2025-10-31,Oct,Customer_233,Women,South,Chennai,Dresses,Party Dress,Zara,Free Size,White,3,3438,20,8251.2,210.13,Wallet,Cancelled
ORD10234,2025-09-09,Sep,Customer_234,Men,East,Bhubaneswar,Jackets,Winter Jacket,Fastrack,Free Size,Brown,1,1238,0,1238.0,223.44,UPI,Delivered
ORD10235,2025-04-01,Apr,Customer_235,Men,South,Hyderabad,Watches,Sports Watch,H&M,S,Grey,3,986,0,2958.0,93.71,UPI,Cancelled
ORD10236,2025-06-04,Jun,Customer_236,Unisex,North,Lucknow,Watches,Sports Watch,Roadster,XL,Grey,3,1616,5,4605.6,1429.63,Card,Delivered
ORD10237,2025-06-07,Jun,Customer_237,Unisex,South,Kochi,Watches,Analog Watch,Tommy Hilfiger,XL,Black,3,1542,5,4394.7,272.03,Card,Cancelled
ORD10238,2025-03-14,Mar,Customer_238,Men,North,Chandigarh,Watches,Sports Watch,H&M,S,Grey,3,1136,5,3237.6,680.45,Net Banking,Delivered
ORD10239,2025-06-29,Jun,Customer_239,Women,South,Bangalore,Shirts,Polo Shirt,H&M,XL,White,3,1384,25,3114.0,374.72,Net Banking,Delivered
ORD10240,2025-09-03,Sep,Customer_240,Women,West,Mumbai,Caps,Beanie,Puma,S,Grey,5,2346,5,11143.5,2644.74,Cash,Delivered
ORD10241,2025-03-24,Mar,Customer_241,Women,South,Kochi,Jeans,Slim Jeans,Puma,S,Pink,1,4980,0,4980.0,207.04,Card,Returned
ORD10242,2025-04-16,Apr,Customer_242,Unisex,North,Lucknow,Dresses,Maxi Dress,Nike,L,Green,2,3851,25,5776.5,305.08,Cash,Cancelled
ORD10243,2025-03-20,Mar,Customer_243,Unisex,West,Indore,Jackets,Denim Jacket,Nike,Free Size,Brown,1,3454,0,3454.0,798.49,Card,Delivered
ORD10244,2025-02-11,Feb,Customer_244,Women,South,Hyderabad,Jeans,Slim Jeans,H&M,L,Blue,4,1445,10,5202.0,1685.8,Wallet,Delivered
ORD10245,2025-04-06,Apr,Customer_245,Men,West,Ahmedabad,Dresses,Maxi Dress,Puma,L,Black,4,864,10,3110.4,728.87,Card,Delivered
ORD10246,2025-10-11,Oct,Customer_246,Unisex,West,Pune,Jeans,Slim Jeans,Puma,XL,Red,1,3670,30,2569.0,131.47,Net Banking,Returned
ORD10247,2025-03-03,Mar,Customer_247,Men,North,Jaipur,Bags,Backpack,Roadster,S,Pink,4,1915,5,7277.0,2712.6,UPI,Delivered
ORD10248,2025-02-04,Feb,Customer_248,Women,East,Patna,Dresses,Maxi Dress,Zara,Free Size,Brown,1,3678,20,2942.4,657.07,UPI,Delivered
ORD10249,2025-10-18,Oct,Customer_249,Women,South,Chennai,Dresses,Maxi Dress,Roadster,Free Size,Grey,5,1319,0,6595.0,1756.23,Net Banking,Delivered
ORD10250,2025-03-30,Mar,Customer_250,Unisex,West,Mumbai,Bags,Travel Bag,Allen Solly,XL,Black,3,3800,5,10830.0,608.09,Net Banking,Cancelled
ORD10251,2025-05-18,May,Customer_251,Women,North,Chandigarh,Watches,Sports Watch,H&M,L,Brown,3,664,10,1792.8,596.14,UPI,Delivered
ORD10252,2025-05-18,May,Customer_252,Unisex,West,Ahmedabad,Jackets,Denim Jacket,Levis,XL,Grey,4,1230,5,4674.0,1097.67,UPI,Delivered
ORD10253,2025-09-26,Sep,Customer_253,Men,West,Pune,Shoes,Running Shoes,Levis,M,Black,5,736,5,3496.0,594.73,Net Banking,Delivered
ORD10254,2025-08-26,Aug,Customer_254,Men,East,Patna,Shirts,Polo Shirt,H&M,M,Grey,5,3750,25,14062.5,1012.5,Net Banking,Cancelled
ORD10255,2025-03-25,Mar,Customer_255,Men,East,Patna,Caps,Baseball Cap,Allen Solly,Free Size,Red,3,1239,10,3345.3,425.31,Card,Delivered
ORD10256,2025-09-20,Sep,Customer_256,Men,East,Guwahati,Jackets,Bomber Jacket,H&M,Free Size,Black,1,571,15,485.35,34.65,Card,Cancelled
ORD10257,2025-06-28,Jun,Customer_257,Unisex,West,Indore,Bags,Laptop Bag,Levis,Free Size,Pink,4,2563,5,9739.4,470.1,Wallet,Cancelled
ORD10258,2025-06-02,Jun,Customer_258,Unisex,East,Patna,Jeans,Slim Jeans,Fastrack,L,Green,1,4445,0,4445.0,922.04,Cash,Delivered
ORD10259,2025-11-04,Nov,Customer_259,Unisex,South,Bangalore,Bags,Handbag,Zara,XL,Green,4,3117,25,9351.0,1462.33,Cash,Delivered
ORD10260,2025-06-25,Jun,Customer_260,Women,North,Jaipur,Dresses,Party Dress,Roadster,Free Size,Green,2,4878,25,7317.0,474.25,Card,Cancelled
ORD10261,2025-05-13,May,Customer_261,Men,West,Pune,Shoes,Formal Shoes,Adidas,M,Grey,5,1998,25,7492.5,530.31,Card,Cancelled
ORD10262,2025-10-27,Oct,Customer_262,Unisex,East,Patna,Bags,Travel Bag,Puma,Free Size,Blue,3,4298,30,9025.8,1359.49,Net Banking,Delivered
ORD10263,2025-07-31,Jul,Customer_263,Women,West,Ahmedabad,Jackets,Bomber Jacket,Adidas,Free Size,Brown,1,1734,5,1647.3,622.7,Card,Delivered
ORD10264,2025-06-20,Jun,Customer_264,Women,North,Chandigarh,Watches,Sports Watch,Zara,M,White,2,3066,25,4599.0,621.25,Wallet,Delivered
ORD10265,2025-11-21,Nov,Customer_265,Men,South,Kochi,Shoes,Sandals,Adidas,S,Red,4,3803,15,12930.2,4796.91,Cash,Delivered
ORD10266,2025-12-13,Dec,Customer_266,Women,South,Bangalore,Shirts,Polo Shirt,Fastrack,M,Blue,1,2537,5,2410.15,723.81,Net Banking,Delivered
ORD10267,2025-05-29,May,Customer_267,Unisex,North,Lucknow,Bags,Handbag,Adidas,M,Grey,4,4761,20,15235.2,3904.33,Net Banking,Delivered
ORD10268,2025-04-27,Apr,Customer_268,Unisex,West,Mumbai,Watches,Analog Watch,Zara,M,Blue,2,1573,5,2988.7,185.81,Cash,Returned
ORD10269,2025-12-05,Dec,Customer_269,Women,North,Delhi,Shirts,Linen Shirt,Levis,XL,Blue,1,660,0,660.0,197.56,Wallet,Delivered
ORD10270,2025-06-04,Jun,Customer_270,Unisex,South,Bangalore,Bags,Travel Bag,Zara,M,Pink,4,1326,25,3978.0,203.1,UPI,Returned
ORD10271,2025-04-12,Apr,Customer_271,Men,North,Chandigarh,Jeans,Regular Jeans,Adidas,L,Pink,5,2135,30,7472.5,281.53,Cash,Returned
ORD10272,2025-12-19,Dec,Customer_272,Men,West,Pune,Shoes,Running Shoes,Fastrack,S,Brown,4,3207,5,12186.6,294.21,Card,Cancelled
ORD10273,2025-11-26,Nov,Customer_273,Men,North,Lucknow,Jeans,Cargo Jeans,Adidas,M,Black,2,4240,10,7632.0,1439.95,Cash,Delivered
ORD10274,2025-02-18,Feb,Customer_274,Men,West,Mumbai,Watches,Sports Watch,Puma,L,Grey,1,578,30,404.6,12.62,Net Banking,Cancelled
ORD10275,2025-02-28,Feb,Customer_275,Unisex,East,Bhubaneswar,Bags,Backpack,Puma,XL,Pink,4,3777,15,12841.8,2448.63,Card,Delivered
ORD10276,2025-08-02,Aug,Customer_276,Men,South,Bangalore,Jeans,Slim Jeans,Nike,Free Size,Pink,5,4453,30,15585.5,4175.75,Cash,Delivered
ORD10277,2025-07-30,Jul,Customer_277,Men,West,Mumbai,Shirts,Casual Shirt,Allen Solly,Free Size,Red,4,875,0,3500.0,658.07,Cash,Delivered
ORD10278,2025-12-06,Dec,Customer_278,Men,West,Ahmedabad,Jeans,Regular Jeans,H&M,S,White,4,1716,30,4804.8,321.8,Wallet,Returned
ORD10279,2025-06-14,Jun,Customer_279,Unisex,North,Chandigarh,Caps,Beanie,Zara,XL,Pink,2,3209,10,5776.2,768.76,Card,Delivered
ORD10280,2025-09-13,Sep,Customer_280,Unisex,West,Mumbai,Jeans,Regular Jeans,Allen Solly,S,Blue,4,3088,0,12352.0,926.34,Net Banking,Cancelled
ORD10281,2025-11-06,Nov,Customer_281,Unisex,North,Delhi,Dresses,Maxi Dress,Fastrack,XL,Grey,5,2994,20,11976.0,637.62,Cash,Cancelled
ORD10282,2025-12-03,Dec,Customer_282,Men,East,Guwahati,Shirts,Casual Shirt,Allen Solly,S,Grey,3,4206,0,12618.0,366.76,Cash,Cancelled
ORD10283,2025-09-10,Sep,Customer_283,Men,North,Jaipur,Bags,Laptop Bag,Adidas,S,Pink,2,3851,0,7702.0,1433.46,Card,Delivered
ORD10284,2025-01-24,Jan,Customer_284,Unisex,North,Chandigarh,Caps,Baseball Cap,Puma,Free Size,White,5,1508,30,5278.0,1857.1,Net Banking,Delivered
ORD10285,2025-09-18,Sep,Customer_285,Women,West,Indore,Shirts,Formal Shirt,Fastrack,Free Size,Grey,2,1921,25,2881.5,956.55,Wallet,Delivered
ORD10286,2025-07-23,Jul,Customer_286,Women,South,Hyderabad,Dresses,Party Dress,Tommy Hilfiger,Free Size,Green,3,2908,15,7415.4,2441.5,Wallet,Delivered
ORD10287,2025-04-18,Apr,Customer_287,Men,South,Chennai,Watches,Sports Watch,Fastrack,M,Grey,5,2879,25,10796.25,452.96,UPI,Cancelled
ORD10288,2025-08-05,Aug,Customer_288,Men,West,Ahmedabad,Watches,Sports Watch,Allen Solly,S,Red,1,4781,0,4781.0,605.13,Cash,Delivered
ORD10289,2025-12-20,Dec,Customer_289,Women,South,Bangalore,Shoes,Formal Shoes,Levis,S,Red,3,2170,30,4557.0,1188.03,Wallet,Delivered
ORD10290,2025-07-15,Jul,Customer_290,Unisex,East,Kolkata,Dresses,Maxi Dress,Fastrack,S,Black,4,3911,30,10950.8,4092.47,Cash,Delivered
ORD10291,2025-10-29,Oct,Customer_291,Women,South,Hyderabad,Jackets,Bomber Jacket,Allen Solly,XL,White,5,2108,30,7378.0,2275.95,UPI,Delivered
ORD10292,2025-01-21,Jan,Customer_292,Unisex,North,Chandigarh,Shoes,Sneakers,Fastrack,L,Black,4,2785,20,8912.0,1681.71,Cash,Delivered
ORD10293,2025-06-15,Jun,Customer_293,Unisex,North,Jaipur,Caps,Snapback Cap,Zara,L,Brown,5,915,30,3202.5,232.13,Wallet,Returned
ORD10294,2025-09-24,Sep,Customer_294,Women,South,Chennai,Watches,Analog Watch,Puma,S,Grey,1,4637,5,4405.15,201.0,Card,Returned
ORD10295,2025-05-31,May,Customer_295,Men,East,Patna,Jackets,Bomber Jacket,Puma,S,Grey,2,4844,15,8234.8,624.4,Net Banking,Cancelled
ORD10296,2025-12-16,Dec,Customer_296,Women,South,Bangalore,Jackets,Bomber Jacket,Tommy Hilfiger,Free Size,Green,3,3623,30,7608.3,2782.33,UPI,Delivered
ORD10297,2025-01-23,Jan,Customer_297,Men,West,Indore,Watches,Sports Watch,Fastrack,Free Size,Black,3,2076,10,5605.2,1421.55,UPI,Delivered
ORD10298,2025-04-16,Apr,Customer_298,Unisex,West,Mumbai,Jackets,Bomber Jacket,H&M,M,Black,5,4064,25,15240.0,5065.11,Net Banking,Delivered
ORD10299,2025-04-02,Apr,Customer_299,Women,North,Delhi,Watches,Analog Watch,Adidas,XL,Brown,3,1076,20,2582.4,861.54,Net Banking,Delivered
ORD10300,2025-10-01,Oct,Customer_300,Unisex,West,Mumbai,Dresses,Party Dress,Nike,S,Grey,1,1017,30,711.9,223.5,Wallet,Delivered
ORD10301,2025-08-13,Aug,Customer_301,Men,North,Lucknow,Jeans,Regular Jeans,Levis,Free Size,Red,4,3735,30,10458.0,3051.52,Card,Delivered
ORD10302,2025-12-13,Dec,Customer_302,Men,South,Hyderabad,Dresses,Casual Dress,Levis,S,Black,3,590,20,1416.0,491.97,Wallet,Delivered
ORD10303,2025-04-18,Apr,Customer_303,Men,North,Lucknow,Dresses,Casual Dress,Fastrack,M,White,3,2233,15,5694.15,404.81,Card,Returned
ORD10304,2025-10-09,Oct,Customer_304,Men,South,Bangalore,Bags,Handbag,Adidas,M,Brown,4,1098,10,3952.8,1164.65,Cash,Delivered
ORD10305,2025-11-14,Nov,Customer_305,Unisex,North,Lucknow,Watches,Analog Watch,H&M,L,White,1,2084,10,1875.6,462.01,Wallet,Delivered
ORD10306,2025-06-10,Jun,Customer_306,Women,South,Bangalore,Watches,Smart Watch,Roadster,L,White,2,2313,25,3469.5,1083.71,Cash,Delivered
ORD10307,2025-09-07,Sep,Customer_307,Women,East,Patna,Caps,Beanie,Allen Solly,M,Red,5,1390,5,6602.5,1900.49,Cash,Delivered
ORD10308,2025-10-25,Oct,Customer_308,Unisex,North,Delhi,Jeans,Cargo Jeans,Adidas,L,Brown,5,3817,30,13359.5,3652.61,Card,Delivered
ORD10309,2025-08-26,Aug,Customer_309,Men,East,Bhubaneswar,Watches,Smart Watch,H&M,M,White,5,4680,0,23400.0,1044.41,Wallet,Returned
ORD10310,2025-09-05,Sep,Customer_310,Men,South,Chennai,Shoes,Sandals,Zara,L,Grey,3,830,5,2365.5,752.19,Card,Delivered
ORD10311,2025-08-29,Aug,Customer_311,Men,East,Guwahati,Shirts,Casual Shirt,Fastrack,Free Size,Green,4,879,0,3516.0,1318.34,Cash,Delivered
ORD10312,2025-09-22,Sep,Customer_312,Women,East,Kolkata,Shoes,Sandals,Roadster,XL,Brown,3,3581,5,10205.85,2594.91,Wallet,Delivered
ORD10313,2025-02-09,Feb,Customer_313,Women,South,Chennai,Shirts,Casual Shirt,Allen Solly,Free Size,Blue,5,2799,5,13295.25,2114.78,Card,Delivered
ORD10314,2025-09-03,Sep,Customer_314,Men,West,Indore,Dresses,Party Dress,Adidas,S,White,2,1819,25,2728.5,918.62,Wallet,Delivered
ORD10315,2025-01-29,Jan,Customer_315,Unisex,North,Jaipur,Shoes,Sneakers,Fastrack,Free Size,Black,2,2614,5,4966.6,1263.14,Cash,Delivered
ORD10316,2025-03-29,Mar,Customer_316,Men,West,Indore,Jeans,Slim Jeans,Allen Solly,Free Size,Green,2,3864,20,6182.4,194.26,Card,Returned
ORD10317,2025-07-13,Jul,Customer_317,Unisex,North,Jaipur,Watches,Smart Watch,Tommy Hilfiger,XL,White,4,1582,0,6328.0,157.32,Wallet,Returned
ORD10318,2025-02-17,Feb,Customer_318,Unisex,North,Delhi,Jeans,Slim Jeans,Allen Solly,XL,Pink,4,1566,20,5011.2,1303.99,Cash,Delivered
ORD10319,2025-06-29,Jun,Customer_319,Men,West,Indore,Shirts,Linen Shirt,H&M,S,Green,5,1299,15,5520.75,854.67,Wallet,Delivered
ORD10320,2025-10-23,Oct,Customer_320,Men,North,Delhi,Dresses,Party Dress,H&M,L,Pink,5,1464,20,5856.0,142.73,Cash,Cancelled
ORD10321,2025-10-02,Oct,Customer_321,Women,East,Patna,Jeans,Slim Jeans,Roadster,M,Pink,4,3494,20,11180.8,428.55,Wallet,Cancelled
ORD10322,2025-06-07,Jun,Customer_322,Men,West,Ahmedabad,Caps,Baseball Cap,Puma,S,Red,5,3319,30,11616.5,704.96,Net Banking,Cancelled
ORD10323,2025-10-09,Oct,Customer_323,Men,West,Ahmedabad,Shoes,Running Shoes,H&M,S,White,5,925,5,4393.75,194.35,Net Banking,Cancelled
ORD10324,2025-07-09,Jul,Customer_324,Unisex,East,Bhubaneswar,Dresses,Maxi Dress,Adidas,Free Size,Green,1,808,25,606.0,133.27,Wallet,Delivered
ORD10325,2025-04-14,Apr,Customer_325,Unisex,West,Mumbai,Shirts,Casual Shirt,Allen Solly,Free Size,Red,5,2841,5,13494.75,347.46,Wallet,Returned
ORD10326,2025-03-22,Mar,Customer_326,Women,South,Bangalore,Shoes,Running Shoes,Puma,XL,Red,1,2759,30,1931.3,86.47,Wallet,Cancelled
ORD10327,2025-06-27,Jun,Customer_327,Women,East,Patna,Shirts,Formal Shirt,Adidas,Free Size,Black,3,2352,20,5644.8,2090.8,Cash,Delivered
ORD10328,2025-09-15,Sep,Customer_328,Unisex,North,Delhi,Shoes,Sandals,Fastrack,Free Size,Green,3,3284,0,9852.0,3238.99,Net Banking,Delivered
ORD10329,2025-08-23,Aug,Customer_329,Women,South,Hyderabad,Dresses,Casual Dress,Allen Solly,M,Red,4,723,15,2458.2,369.29,Cash,Delivered
ORD10330,2025-05-08,May,Customer_330,Men,North,Lucknow,Dresses,Party Dress,Fastrack,Free Size,White,3,1260,15,3213.0,948.35,Net Banking,Delivered
ORD10331,2025-12-16,Dec,Customer_331,Men,East,Bhubaneswar,Watches,Smart Watch,H&M,L,Red,2,4586,25,6879.0,236.52,Card,Cancelled
ORD10332,2025-02-24,Feb,Customer_332,Unisex,East,Bhubaneswar,Jackets,Denim Jacket,Tommy Hilfiger,S,Black,1,1141,25,855.75,315.35,Net Banking,Delivered
ORD10333,2025-09-09,Sep,Customer_333,Men,West,Ahmedabad,Watches,Sports Watch,Puma,S,Pink,2,4686,10,8434.8,376.95,Net Banking,Returned
ORD10334,2025-03-03,Mar,Customer_334,Unisex,South,Kochi,Shirts,Polo Shirt,Roadster,M,Pink,5,4267,10,19201.5,5744.99,Wallet,Delivered
ORD10335,2025-10-08,Oct,Customer_335,Women,East,Bhubaneswar,Jeans,Regular Jeans,Puma,L,White,3,2441,10,6590.7,319.71,Net Banking,Returned
ORD10336,2025-07-25,Jul,Customer_336,Unisex,East,Patna,Dresses,Maxi Dress,Roadster,M,Blue,3,4191,5,11944.35,641.57,Cash,Returned
ORD10337,2025-03-16,Mar,Customer_337,Women,West,Pune,Jackets,Bomber Jacket,Roadster,M,Grey,2,4373,30,6122.2,750.17,Net Banking,Delivered
ORD10338,2025-02-20,Feb,Customer_338,Unisex,North,Chandigarh,Bags,Laptop Bag,Fastrack,S,Brown,2,990,5,1881.0,623.73,Cash,Delivered
ORD10339,2025-01-11,Jan,Customer_339,Men,East,Patna,Bags,Laptop Bag,Puma,Free Size,White,4,1492,10,5371.2,371.17,Cash,Returned
ORD10340,2025-02-10,Feb,Customer_340,Men,West,Indore,Watches,Smart Watch,Fastrack,L,Pink,4,2846,15,9676.4,2750.47,Wallet,Delivered
ORD10341,2025-04-27,Apr,Customer_341,Unisex,South,Hyderabad,Dresses,Maxi Dress,Adidas,XL,Green,3,3094,25,6961.5,1362.73,Net Banking,Delivered
ORD10342,2025-03-27,Mar,Customer_342,Women,West,Indore,Watches,Sports Watch,Tommy Hilfiger,S,Red,2,688,5,1307.2,80.84,Card,Cancelled
ORD10343,2025-10-08,Oct,Customer_343,Men,North,Chandigarh,Dresses,Maxi Dress,Adidas,L,White,1,714,30,499.8,111.57,UPI,Delivered
ORD10344,2025-08-15,Aug,Customer_344,Men,South,Hyderabad,Dresses,Party Dress,H&M,L,Grey,2,1574,20,2518.4,851.26,Net Banking,Delivered
ORD10345,2025-12-24,Dec,Customer_345,Unisex,West,Pune,Caps,Snapback Cap,Levis,Free Size,Pink,5,1949,20,7796.0,429.36,Wallet,Cancelled
ORD10346,2025-08-15,Aug,Customer_346,Men,South,Bangalore,Bags,Laptop Bag,Allen Solly,S,White,3,3495,15,8912.25,1671.49,Cash,Delivered
ORD10347,2025-09-02,Sep,Customer_347,Unisex,North,Chandigarh,Bags,Travel Bag,Fastrack,M,Black,3,573,30,1203.3,279.06,Wallet,Delivered
ORD10348,2025-05-08,May,Customer_348,Men,West,Indore,Watches,Analog Watch,Roadster,XL,Red,2,3691,30,5167.4,1128.42,Wallet,Delivered
ORD10349,2025-04-07,Apr,Customer_349,Women,East,Guwahati,Bags,Laptop Bag,Fastrack,Free Size,Brown,1,1993,5,1893.35,73.95,Cash,Cancelled
ORD10350,2025-01-26,Jan,Customer_350,Women,North,Jaipur,Caps,Baseball Cap,Puma,M,Brown,5,680,5,3230.0,1204.16,UPI,Delivered
ORD10351,2025-04-22,Apr,Customer_351,Women,North,Chandigarh,Jackets,Denim Jacket,Zara,XL,Black,3,3941,10,10640.7,3450.66,Cash,Delivered
ORD10352,2025-02-06,Feb,Customer_352,Women,East,Guwahati,Jeans,Slim Jeans,Nike,S,Blue,5,4350,5,20662.5,3512.01,Card,Delivered
ORD10353,2025-08-24,Aug,Customer_353,Women,North,Jaipur,Dresses,Party Dress,H&M,L,Grey,1,4768,25,3576.0,1342.25,Card,Delivered
ORD10354,2025-04-12,Apr,Customer_354,Men,West,Ahmedabad,Shirts,Formal Shirt,Levis,XL,Grey,3,925,30,1942.5,569.81,UPI,Delivered
ORD10355,2025-05-05,May,Customer_355,Unisex,North,Chandigarh,Shoes,Formal Shoes,Tommy Hilfiger,Free Size,White,1,843,20,674.4,218.31,Cash,Delivered
ORD10356,2025-12-18,Dec,Customer_356,Women,West,Mumbai,Jeans,Slim Jeans,Zara,M,Blue,5,3271,30,11448.5,3234.6,Card,Delivered
ORD10357,2025-04-09,Apr,Customer_357,Men,East,Guwahati,Caps,Baseball Cap,Puma,XL,Brown,1,3593,10,3233.7,997.09,Wallet,Delivered
ORD10358,2025-06-15,Jun,Customer_358,Men,South,Hyderabad,Bags,Travel Bag,H&M,S,White,4,2754,30,7711.2,518.43,Net Banking,Returned
ORD10359,2025-01-01,Jan,Customer_359,Unisex,East,Guwahati,Bags,Laptop Bag,Fastrack,L,Red,5,3604,25,13515.0,2273.75,Cash,Delivered
ORD10360,2025-09-26,Sep,Customer_360,Unisex,West,Pune,Jeans,Cargo Jeans,Fastrack,L,Blue,4,1761,20,5635.2,1091.05,UPI,Delivered
ORD10361,2025-04-14,Apr,Customer_361,Unisex,South,Bangalore,Jeans,Slim Jeans,Zara,XL,Brown,1,4475,5,4251.25,123.86,Wallet,Returned
ORD10362,2025-01-07,Jan,Customer_362,Men,South,Bangalore,Bags,Backpack,Puma,L,Pink,2,4524,30,6333.6,178.34,Cash,Cancelled
ORD10363,2025-06-05,Jun,Customer_363,Men,North,Delhi,Shirts,Polo Shirt,Fastrack,Free Size,Pink,1,2267,20,1813.6,52.69,Card,Cancelled
ORD10364,2025-02-24,Feb,Customer_364,Women,South,Kochi,Jackets,Bomber Jacket,H&M,S,White,5,3431,25,12866.25,615.69,Card,Cancelled
ORD10365,2025-06-30,Jun,Customer_365,Women,South,Kochi,Dresses,Casual Dress,Puma,L,Red,3,3158,30,6631.8,287.35,Wallet,Cancelled
ORD10366,2025-08-20,Aug,Customer_366,Unisex,East,Patna,Jackets,Winter Jacket,Fastrack,S,White,4,3751,0,15004.0,4633.86,Cash,Delivered
ORD10367,2025-01-12,Jan,Customer_367,Men,South,Hyderabad,Shirts,Polo Shirt,H&M,S,Black,3,4687,20,11248.8,603.78,Net Banking,Returned
ORD10368,2025-10-26,Oct,Customer_368,Unisex,East,Patna,Watches,Analog Watch,Zara,XL,Red,2,2407,10,4332.6,1433.57,UPI,Delivered
ORD10369,2025-11-01,Nov,Customer_369,Men,West,Mumbai,Watches,Smart Watch,Zara,S,Grey,3,805,25,1811.25,598.02,Cash,Delivered
ORD10370,2025-11-21,Nov,Customer_370,Unisex,South,Bangalore,Dresses,Party Dress,Adidas,Free Size,White,4,942,10,3391.2,869.3,Cash,Delivered
ORD10371,2025-11-01,Nov,Customer_371,Women,West,Indore,Jackets,Denim Jacket,Nike,M,White,5,4633,0,23165.0,4117.4,Cash,Delivered
ORD10372,2025-05-15,May,Customer_372,Men,North,Chandigarh,Jeans,Regular Jeans,Tommy Hilfiger,M,Brown,1,3763,20,3010.4,140.27,Wallet,Cancelled
ORD10373,2025-05-05,May,Customer_373,Unisex,South,Chennai,Jackets,Winter Jacket,Roadster,S,Blue,1,2680,30,1876.0,86.98,Net Banking,Cancelled
ORD10374,2025-06-26,Jun,Customer_374,Unisex,South,Hyderabad,Dresses,Party Dress,Puma,XL,White,5,697,30,2439.5,486.08,Net Banking,Delivered
ORD10375,2025-02-13,Feb,Customer_375,Women,East,Bhubaneswar,Shirts,Casual Shirt,H&M,S,Grey,1,945,5,897.75,329.23,UPI,Delivered
ORD10376,2025-04-18,Apr,Customer_376,Unisex,North,Lucknow,Bags,Travel Bag,Allen Solly,XL,White,5,2234,5,10611.5,2780.96,UPI,Delivered
ORD10377,2025-03-29,Mar,Customer_377,Women,North,Lucknow,Dresses,Casual Dress,Fastrack,S,Brown,1,2825,5,2683.75,174.55,UPI,Returned
ORD10378,2025-01-10,Jan,Customer_378,Unisex,East,Kolkata,Jeans,Regular Jeans,Levis,S,Grey,3,3665,5,10445.25,782.86,Net Banking,Returned
ORD10379,2025-01-21,Jan,Customer_379,Unisex,West,Mumbai,Jeans,Slim Jeans,H&M,M,Black,2,4835,10,8703.0,1799.15,Cash,Delivered
ORD10380,2025-02-01,Feb,Customer_380,Women,South,Hyderabad,Watches,Smart Watch,Levis,M,White,3,3670,30,7707.0,581.87,Cash,Returned
ORD10381,2025-09-24,Sep,Customer_381,Women,North,Chandigarh,Dresses,Casual Dress,Zara,L,Grey,5,2362,15,10038.5,1831.96,Net Banking,Delivered
ORD10382,2025-06-08,Jun,Customer_382,Unisex,South,Chennai,Shoes,Sneakers,Zara,Free Size,White,5,1606,15,6825.5,2586.03,Cash,Delivered
ORD10383,2025-06-12,Jun,Customer_383,Women,North,Jaipur,Jeans,Cargo Jeans,Fastrack,L,Brown,2,740,30,1036.0,210.16,Cash,Delivered
ORD10384,2025-01-14,Jan,Customer_384,Unisex,South,Chennai,Shoes,Sneakers,Adidas,M,Red,5,2685,20,10740.0,2872.21,UPI,Delivered
ORD10385,2025-12-31,Dec,Customer_385,Men,South,Kochi,Watches,Analog Watch,Allen Solly,M,Red,3,2006,30,4212.6,929.89,Card,Delivered
ORD10386,2025-04-24,Apr,Customer_386,Unisex,East,Guwahati,Shirts,Linen Shirt,Nike,XL,Grey,2,2174,0,4348.0,721.94,Net Banking,Delivered
ORD10387,2025-06-10,Jun,Customer_387,Men,North,Chandigarh,Jackets,Winter Jacket,Roadster,Free Size,Blue,4,4891,20,15651.2,897.64,Net Banking,Cancelled
ORD10388,2025-10-13,Oct,Customer_388,Men,West,Mumbai,Caps,Baseball Cap,H&M,L,Brown,4,4727,30,13235.6,3758.5,Net Banking,Delivered
ORD10389,2025-05-31,May,Customer_389,Women,South,Kochi,Bags,Laptop Bag,Allen Solly,XL,Blue,5,945,25,3543.75,901.57,Wallet,Delivered
ORD10390,2025-07-31,Jul,Customer_390,Unisex,South,Kochi,Jeans,Slim Jeans,Tommy Hilfiger,M,Brown,3,4192,0,12576.0,418.8,UPI,Returned
ORD10391,2025-02-28,Feb,Customer_391,Unisex,North,Delhi,Bags,Laptop Bag,Zara,Free Size,White,4,3472,0,13888.0,3558.0,Net Banking,Delivered
ORD10392,2025-03-25,Mar,Customer_392,Women,East,Bhubaneswar,Dresses,Maxi Dress,Zara,L,Brown,2,1964,30,2749.6,838.99,Cash,Delivered
ORD10393,2025-11-15,Nov,Customer_393,Unisex,South,Bangalore,Shoes,Running Shoes,Zara,S,Brown,3,599,15,1527.45,380.92,Card,Delivered
ORD10394,2025-08-15,Aug,Customer_394,Unisex,West,Indore,Jackets,Bomber Jacket,Allen Solly,Free Size,Red,1,552,5,524.4,183.21,UPI,Delivered
ORD10395,2025-03-16,Mar,Customer_395,Men,East,Kolkata,Shoes,Sneakers,Nike,XL,White,1,2943,10,2648.7,951.68,Card,Delivered
ORD10396,2025-02-17,Feb,Customer_396,Women,East,Kolkata,Bags,Handbag,Allen Solly,Free Size,Blue,3,3143,10,8486.1,2998.63,Cash,Delivered
ORD10397,2025-09-27,Sep,Customer_397,Men,East,Patna,Caps,Baseball Cap,Adidas,S,Blue,4,4796,5,18224.8,1096.83,Net Banking,Returned
ORD10398,2025-09-27,Sep,Customer_398,Unisex,East,Patna,Bags,Travel Bag,Tommy Hilfiger,XL,Brown,5,3397,5,16135.75,4513.42,Card,Delivered
ORD10399,2025-03-02,Mar,Customer_399,Men,South,Bangalore,Jackets,Bomber Jacket,Levis,Free Size,Pink,1,4307,25,3230.25,211.36,Net Banking,Cancelled
ORD10400,2025-11-24,Nov,Customer_400,Women,South,Bangalore,Shirts,Polo Shirt,Puma,Free Size,Grey,2,2806,10,5050.8,1643.79,UPI,Delivered
ORD10401,2025-10-19,Oct,Customer_401,Women,East,Guwahati,Jeans,Cargo Jeans,Puma,XL,Brown,5,737,30,2579.5,427.33,UPI,Delivered
ORD10402,2025-08-25,Aug,Customer_402,Unisex,West,Ahmedabad,Shoes,Sandals,Zara,L,Black,4,957,30,2679.6,136.92,Card,Returned
ORD10403,2025-01-16,Jan,Customer_403,Unisex,South,Hyderabad,Watches,Smart Watch,Adidas,Free Size,Pink,3,3572,25,8037.0,2080.87,Card,Delivered
ORD10404,2025-07-31,Jul,Customer_404,Men,North,Lucknow,Jeans,Regular Jeans,Puma,Free Size,Green,1,4570,5,4341.5,940.42,Card,Delivered
ORD10405,2025-08-16,Aug,Customer_405,Men,South,Bangalore,Jeans,Regular Jeans,Nike,M,Grey,5,703,30,2460.5,120.81,Net Banking,Returned
ORD10406,2025-04-16,Apr,Customer_406,Men,North,Jaipur,Bags,Laptop Bag,Zara,S,Green,1,4262,15,3622.7,221.39,UPI,Returned
ORD10407,2025-09-24,Sep,Customer_407,Men,North,Delhi,Jeans,Regular Jeans,Allen Solly,L,Red,3,683,20,1639.2,103.99,Card,Cancelled
ORD10408,2025-12-10,Dec,Customer_408,Men,East,Guwahati,Bags,Laptop Bag,Fastrack,Free Size,Blue,1,2732,5,2595.4,417.73,Card,Delivered
ORD10409,2025-12-27,Dec,Customer_409,Women,East,Bhubaneswar,Watches,Sports Watch,Puma,Free Size,Brown,3,2504,5,7136.4,197.71,UPI,Returned
ORD10410,2025-07-16,Jul,Customer_410,Unisex,North,Delhi,Shoes,Running Shoes,Allen Solly,Free Size,Brown,1,1204,15,1023.4,45.42,Wallet,Cancelled
ORD10411,2025-08-27,Aug,Customer_411,Women,South,Bangalore,Watches,Smart Watch,Puma,S,Brown,5,1578,0,7890.0,522.86,Cash,Cancelled
ORD10412,2025-11-12,Nov,Customer_412,Women,South,Chennai,Caps,Beanie,H&M,L,Brown,3,3476,15,8863.8,297.24,Net Banking,Cancelled
ORD10413,2025-09-03,Sep,Customer_413,Unisex,North,Lucknow,Shirts,Formal Shirt,Allen Solly,M,Blue,4,1898,10,6832.8,436.84,Net Banking,Returned
ORD10414,2025-09-30,Sep,Customer_414,Men,North,Lucknow,Jeans,Regular Jeans,Fastrack,Free Size,White,4,3782,20,12102.4,550.65,Net Banking,Returned
ORD10415,2025-08-11,Aug,Customer_415,Unisex,South,Kochi,Dresses,Maxi Dress,Puma,S,Brown,5,3302,20,13208.0,3968.67,UPI,Delivered
ORD10416,2025-04-01,Apr,Customer_416,Unisex,North,Chandigarh,Caps,Beanie,Fastrack,XL,Grey,3,3823,0,11469.0,632.05,Net Banking,Cancelled
ORD10417,2025-03-17,Mar,Customer_417,Unisex,South,Bangalore,Shirts,Formal Shirt,H&M,XL,Red,2,4209,20,6734.4,263.71,Card,Returned
ORD10418,2025-06-26,Jun,Customer_418,Men,East,Guwahati,Watches,Smart Watch,Tommy Hilfiger,L,Black,1,565,20,452.0,170.16,Cash,Delivered
ORD10419,2025-05-25,May,Customer_419,Unisex,East,Kolkata,Shirts,Formal Shirt,Fastrack,L,Pink,1,2426,15,2062.1,623.95,Net Banking,Delivered
ORD10420,2025-09-01,Sep,Customer_420,Women,South,Chennai,Dresses,Party Dress,Fastrack,M,Green,2,2040,20,3264.0,718.06,Card,Delivered
ORD10421,2025-09-07,Sep,Customer_421,Women,North,Jaipur,Shoes,Running Shoes,Adidas,Free Size,Pink,4,1611,0,6444.0,1003.18,Wallet,Delivered
ORD10422,2025-07-16,Jul,Customer_422,Unisex,West,Indore,Shoes,Sandals,Fastrack,XL,Red,3,2348,5,6691.8,1542.06,Wallet,Delivered
ORD10423,2025-01-20,Jan,Customer_423,Women,East,Kolkata,Bags,Travel Bag,Fastrack,S,White,5,4457,25,16713.75,721.47,Wallet,Returned
ORD10424,2025-05-06,May,Customer_424,Women,North,Delhi,Bags,Travel Bag,Fastrack,Free Size,Black,4,1138,25,3414.0,194.43,Cash,Returned
ORD10425,2025-08-04,Aug,Customer_425,Unisex,West,Ahmedabad,Shirts,Linen Shirt,Allen Solly,L,Green,3,2912,10,7862.4,257.18,UPI,Cancelled
ORD10426,2025-11-16,Nov,Customer_426,Men,North,Lucknow,Caps,Snapback Cap,Zara,L,Green,1,2848,15,2420.8,68.49,Card,Returned
ORD10427,2025-11-06,Nov,Customer_427,Women,North,Delhi,Bags,Laptop Bag,Levis,M,Brown,2,1737,25,2605.5,615.24,Card,Delivered
ORD10428,2025-09-11,Sep,Customer_428,Unisex,South,Chennai,Shirts,Polo Shirt,Adidas,M,Red,4,3637,5,13820.6,806.5,Wallet,Cancelled
ORD10429,2025-03-27,Mar,Customer_429,Unisex,North,Delhi,Watches,Analog Watch,Levis,M,Pink,4,3765,15,12801.0,507.83,Net Banking,Cancelled
ORD10430,2025-05-28,May,Customer_430,Unisex,West,Mumbai,Caps,Beanie,Zara,S,Blue,4,3628,25,10884.0,439.89,Wallet,Returned
ORD10431,2025-05-19,May,Customer_431,Women,East,Patna,Watches,Smart Watch,Tommy Hilfiger,M,Red,3,1304,10,3520.8,1021.49,Wallet,Delivered
ORD10432,2025-12-11,Dec,Customer_432,Men,East,Kolkata,Watches,Sports Watch,Zara,XL,Grey,1,1055,0,1055.0,47.88,Card,Returned
ORD10433,2025-11-14,Nov,Customer_433,Unisex,North,Delhi,Bags,Laptop Bag,H&M,S,Blue,1,964,20,771.2,224.2,UPI,Delivered
ORD10434,2025-12-23,Dec,Customer_434,Unisex,South,Bangalore,Shoes,Sandals,Tommy Hilfiger,XL,Green,2,2574,10,4633.2,1118.49,Net Banking,Delivered
ORD10435,2025-02-01,Feb,Customer_435,Women,North,Lucknow,Watches,Smart Watch,Zara,M,Brown,4,3682,10,13255.2,5023.05,UPI,Delivered
ORD10436,2025-11-27,Nov,Customer_436,Men,West,Pune,Caps,Baseball Cap,Tommy Hilfiger,Free Size,Blue,4,1387,5,5270.6,1373.33,Net Banking,Delivered
ORD10437,2025-10-20,Oct,Customer_437,Unisex,North,Delhi,Bags,Backpack,Nike,S,Black,3,4151,0,12453.0,4397.07,Net Banking,Delivered
ORD10438,2025-09-21,Sep,Customer_438,Men,West,Mumbai,Bags,Handbag,Puma,Free Size,Red,4,4415,15,15011.0,675.55,UPI,Cancelled
ORD10439,2025-06-20,Jun,Customer_439,Men,North,Lucknow,Dresses,Casual Dress,Allen Solly,L,Grey,3,3780,0,11340.0,645.0,UPI,Cancelled
ORD10440,2025-07-16,Jul,Customer_440,Unisex,South,Bangalore,Caps,Beanie,H&M,L,Brown,2,2947,25,4420.5,978.82,UPI,Delivered
ORD10441,2025-04-09,Apr,Customer_441,Unisex,South,Bangalore,Caps,Snapback Cap,H&M,L,Brown,1,2452,15,2084.2,92.15,Wallet,Returned
ORD10442,2025-06-22,Jun,Customer_442,Unisex,East,Kolkata,Caps,Baseball Cap,Nike,Free Size,Brown,1,3820,0,3820.0,133.73,Wallet,Cancelled
ORD10443,2025-09-08,Sep,Customer_443,Unisex,North,Jaipur,Shoes,Sneakers,Adidas,M,Black,1,4359,20,3487.2,92.0,Card,Cancelled
ORD10444,2025-10-30,Oct,Customer_444,Men,West,Pune,Shirts,Polo Shirt,Adidas,S,Red,1,1370,0,1370.0,68.3,Net Banking,Returned
ORD10445,2025-12-17,Dec,Customer_445,Men,East,Kolkata,Watches,Sports Watch,Roadster,Free Size,White,5,4970,5,23607.5,4806.8,Cash,Delivered
ORD10446,2025-03-28,Mar,Customer_446,Men,South,Kochi,Jeans,Slim Jeans,Levis,M,Blue,3,1850,15,4717.5,172.99,Wallet,Returned
ORD10447,2025-01-04,Jan,Customer_447,Women,West,Mumbai,Dresses,Maxi Dress,Nike,XL,Brown,1,1968,0,1968.0,119.56,Card,Returned
ORD10448,2025-05-03,May,Customer_448,Unisex,West,Indore,Jackets,Denim Jacket,Levis,S,Green,2,807,20,1291.2,215.37,Cash,Delivered
ORD10449,2025-03-02,Mar,Customer_449,Unisex,South,Chennai,Dresses,Maxi Dress,Fastrack,M,Brown,5,1282,20,5128.0,219.58,Card,Returned
ORD10450,2025-12-17,Dec,Customer_450,Men,North,Jaipur,Bags,Backpack,H&M,L,Green,4,4574,5,17381.2,2807.72,Card,Delivered
ORD10451,2025-02-23,Feb,Customer_451,Women,West,Mumbai,Dresses,Party Dress,Puma,Free Size,Blue,1,4901,5,4655.95,750.04,UPI,Delivered
ORD10452,2025-04-12,Apr,Customer_452,Men,East,Guwahati,Jackets,Bomber Jacket,Allen Solly,M,Pink,3,2383,30,5004.3,743.81,Card,Delivered
ORD10453,2025-01-28,Jan,Customer_453,Men,West,Indore,Dresses,Maxi Dress,Adidas,XL,Grey,4,1686,5,6406.8,2314.46,Card,Delivered
ORD10454,2025-04-14,Apr,Customer_454,Women,East,Patna,Caps,Snapback Cap,H&M,M,Blue,3,1541,0,4623.0,1386.78,Net Banking,Delivered
ORD10455,2025-06-01,Jun,Customer_455,Men,East,Bhubaneswar,Caps,Beanie,Zara,Free Size,Red,5,1783,30,6240.5,407.61,UPI,Returned
ORD10456,2025-08-25,Aug,Customer_456,Men,South,Kochi,Dresses,Casual Dress,Allen Solly,L,Pink,3,617,25,1388.25,321.11,Wallet,Delivered
ORD10457,2025-01-23,Jan,Customer_457,Women,North,Chandigarh,Jackets,Bomber Jacket,Zara,Free Size,Pink,1,4354,25,3265.5,1044.43,Net Banking,Delivered
ORD10458,2025-10-13,Oct,Customer_458,Men,South,Bangalore,Jeans,Regular Jeans,Allen Solly,S,Black,1,3830,5,3638.5,562.17,Net Banking,Delivered
ORD10459,2025-08-26,Aug,Customer_459,Unisex,North,Chandigarh,Bags,Handbag,Allen Solly,XL,Black,2,3819,5,7256.1,2360.87,UPI,Delivered
ORD10460,2025-08-07,Aug,Customer_460,Men,North,Lucknow,Dresses,Casual Dress,Puma,Free Size,Grey,3,4942,20,11860.8,774.66,UPI,Cancelled
ORD10461,2025-08-27,Aug,Customer_461,Unisex,West,Ahmedabad,Watches,Analog Watch,Adidas,S,Red,5,833,10,3748.5,161.39,Card,Cancelled
ORD10462,2025-10-25,Oct,Customer_462,Unisex,North,Chandigarh,Watches,Analog Watch,Fastrack,XL,Green,2,2345,10,4221.0,893.61,UPI,Delivered
ORD10463,2025-09-14,Sep,Customer_463,Unisex,West,Indore,Jeans,Regular Jeans,Puma,L,Brown,5,1504,15,6392.0,389.34,Wallet,Cancelled
ORD10464,2025-02-14,Feb,Customer_464,Men,South,Kochi,Watches,Sports Watch,Adidas,M,Green,1,3699,5,3514.05,685.16,UPI,Delivered
ORD10465,2025-05-31,May,Customer_465,Women,South,Bangalore,Shoes,Sandals,Zara,S,Green,4,4934,5,18749.2,4560.09,Card,Delivered
ORD10466,2025-10-24,Oct,Customer_466,Unisex,East,Guwahati,Jeans,Slim Jeans,H&M,Free Size,Brown,3,3172,15,8088.6,443.7,Net Banking,Cancelled
ORD10467,2025-04-27,Apr,Customer_467,Men,South,Hyderabad,Bags,Handbag,Levis,L,Green,4,3545,10,12762.0,4085.56,Net Banking,Delivered
ORD10468,2025-03-31,Mar,Customer_468,Unisex,East,Bhubaneswar,Shoes,Sneakers,Fastrack,M,Brown,2,1819,5,3456.1,519.79,Cash,Delivered
ORD10469,2025-06-26,Jun,Customer_469,Unisex,North,Lucknow,Watches,Analog Watch,H&M,L,Blue,2,3553,15,6040.1,1572.63,UPI,Delivered
ORD10470,2025-03-21,Mar,Customer_470,Women,West,Ahmedabad,Dresses,Party Dress,Zara,XL,Green,1,4973,20,3978.4,164.02,Wallet,Cancelled
ORD10471,2025-01-21,Jan,Customer_471,Men,North,Chandigarh,Shoes,Sandals,Puma,XL,Grey,2,1456,10,2620.8,66.28,UPI,Returned
ORD10472,2025-05-23,May,Customer_472,Unisex,South,Chennai,Watches,Analog Watch,Tommy Hilfiger,S,Pink,2,683,0,1366.0,355.14,Card,Delivered
ORD10473,2025-07-23,Jul,Customer_473,Women,North,Lucknow,Caps,Beanie,Tommy Hilfiger,L,Grey,2,4002,10,7203.6,1587.6,Cash,Delivered
ORD10474,2025-08-01,Aug,Customer_474,Unisex,South,Kochi,Caps,Snapback Cap,Adidas,XL,White,4,2863,5,10879.4,3584.49,Wallet,Delivered
ORD10475,2025-09-26,Sep,Customer_475,Men,East,Guwahati,Jeans,Slim Jeans,H&M,XL,Green,3,1040,20,2496.0,790.21,Net Banking,Delivered
ORD10476,2025-04-06,Apr,Customer_476,Unisex,South,Chennai,Shoes,Sandals,Tommy Hilfiger,L,Brown,4,2870,20,9184.0,2273.52,Wallet,Delivered
ORD10477,2025-05-15,May,Customer_477,Women,North,Jaipur,Caps,Baseball Cap,Nike,M,Brown,3,4370,0,13110.0,3801.79,Card,Delivered
ORD10478,2025-11-03,Nov,Customer_478,Unisex,West,Mumbai,Shirts,Formal Shirt,Levis,XL,Blue,3,4435,20,10644.0,2484.07,Cash,Delivered
ORD10479,2025-06-13,Jun,Customer_479,Women,North,Jaipur,Shirts,Polo Shirt,Zara,XL,Grey,4,1608,10,5788.8,940.45,UPI,Delivered
ORD10480,2025-11-18,Nov,Customer_480,Women,North,Jaipur,Bags,Laptop Bag,Fastrack,L,Green,2,1273,20,2036.8,128.6,Cash,Returned
ORD10481,2025-01-07,Jan,Customer_481,Women,East,Bhubaneswar,Watches,Analog Watch,Fastrack,L,White,2,4743,10,8537.4,1852.48,UPI,Delivered
ORD10482,2025-10-14,Oct,Customer_482,Unisex,South,Chennai,Jackets,Denim Jacket,Fastrack,S,Pink,5,4805,30,16817.5,868.94,Net Banking,Returned
ORD10483,2025-06-28,Jun,Customer_483,Unisex,North,Chandigarh,Jeans,Slim Jeans,Zara,L,White,3,3469,5,9886.65,657.32,Cash,Returned
ORD10484,2025-12-19,Dec,Customer_484,Women,South,Chennai,Shirts,Formal Shirt,H&M,S,Blue,2,3017,5,5732.3,1000.62,UPI,Delivered
ORD10485,2025-01-17,Jan,Customer_485,Men,South,Bangalore,Caps,Beanie,Nike,S,Green,5,984,15,4182.0,631.15,UPI,Delivered
ORD10486,2025-04-05,Apr,Customer_486,Women,South,Chennai,Jeans,Slim Jeans,Tommy Hilfiger,Free Size,Grey,3,738,0,2214.0,69.89,Cash,Cancelled
ORD10487,2025-10-24,Oct,Customer_487,Men,North,Delhi,Shoes,Sneakers,Fastrack,Free Size,Black,1,4831,5,4589.45,1404.88,UPI,Delivered
ORD10488,2025-08-14,Aug,Customer_488,Women,East,Bhubaneswar,Jackets,Bomber Jacket,Allen Solly,M,Red,1,1980,30,1386.0,294.18,Net Banking,Delivered
ORD10489,2025-09-24,Sep,Customer_489,Unisex,West,Mumbai,Jeans,Regular Jeans,Adidas,S,Blue,2,4560,30,6384.0,1365.7,Cash,Delivered
ORD10490,2025-11-04,Nov,Customer_490,Women,East,Guwahati,Caps,Baseball Cap,Roadster,M,Blue,3,4135,5,11784.75,3111.39,Net Banking,Delivered
ORD10491,2025-07-22,Jul,Customer_491,Men,West,Mumbai,Watches,Analog Watch,Nike,XL,Pink,4,4780,25,14340.0,4243.13,Wallet,Delivered
ORD10492,2025-04-12,Apr,Customer_492,Men,North,Lucknow,Jeans,Cargo Jeans,Zara,M,Pink,3,2139,20,5133.6,1742.59,Net Banking,Delivered
ORD10493,2025-12-08,Dec,Customer_493,Women,East,Guwahati,Bags,Laptop Bag,Roadster,S,Blue,5,3812,15,16201.0,4098.33,Cash,Delivered
ORD10494,2025-02-20,Feb,Customer_494,Women,South,Bangalore,Caps,Beanie,H&M,Free Size,Grey,1,1057,15,898.45,266.22,Card,Delivered
ORD10495,2025-04-14,Apr,Customer_495,Women,West,Indore,Bags,Backpack,Adidas,Free Size,Black,3,4577,15,11671.35,586.48,UPI,Returned
ORD10496,2025-07-12,Jul,Customer_496,Unisex,West,Ahmedabad,Dresses,Maxi Dress,Roadster,L,White,4,4264,0,17056.0,438.49,Net Banking,Returned
ORD10497,2025-02-26,Feb,Customer_497,Unisex,West,Indore,Dresses,Maxi Dress,Levis,XL,Brown,5,4517,25,16938.75,894.31,Wallet,Returned
ORD10498,2025-10-30,Oct,Customer_498,Men,East,Guwahati,Shoes,Running Shoes,Roadster,S,Black,4,3388,30,9486.4,3550.03,Card,Delivered
ORD10499,2025-07-14,Jul,Customer_499,Women,North,Lucknow,Watches,Smart Watch,Tommy Hilfiger,S,Red,1,4006,10,3605.4,1362.5,Card,Delivered
ORD10500,2025-06-06,Jun,Customer_500,Men,North,Delhi,Jackets,Bomber Jacket,Levis,XL,Pink,1,3264,5,3100.8,387.99,Wallet,Delivered
ORD10501,2025-06-12,Jun,Customer_501,Men,West,Mumbai,Dresses,Party Dress,Nike,M,Grey,4,3696,10,13305.6,3577.34,Net Banking,Delivered
ORD10502,2025-08-12,Aug,Customer_502,Unisex,East,Patna,Watches,Analog Watch,Tommy Hilfiger,M,Green,2,4570,25,6855.0,2332.8,Cash,Delivered
ORD10503,2025-11-16,Nov,Customer_503,Unisex,West,Pune,Shirts,Polo Shirt,Tommy Hilfiger,Free Size,Brown,1,1275,20,1020.0,211.73,Net Banking,Delivered
ORD10504,2025-08-10,Aug,Customer_504,Unisex,East,Patna,Jackets,Winter Jacket,Adidas,Free Size,Brown,5,3065,5,14558.75,3315.34,Wallet,Delivered
ORD10505,2025-04-20,Apr,Customer_505,Women,South,Kochi,Shoes,Running Shoes,Fastrack,Free Size,Black,4,2693,25,8079.0,417.7,Wallet,Returned
ORD10506,2025-03-19,Mar,Customer_506,Unisex,South,Chennai,Jackets,Winter Jacket,Allen Solly,M,Pink,3,4065,15,10365.75,2102.69,Cash,Delivered
ORD10507,2025-05-03,May,Customer_507,Women,South,Kochi,Bags,Handbag,Levis,XL,Pink,1,1727,5,1640.65,208.7,Net Banking,Delivered
ORD10508,2025-01-15,Jan,Customer_508,Men,East,Bhubaneswar,Shirts,Casual Shirt,Zara,XL,Black,3,2774,25,6241.5,328.53,UPI,Cancelled
ORD10509,2025-07-28,Jul,Customer_509,Men,East,Kolkata,Jeans,Regular Jeans,Tommy Hilfiger,M,Blue,3,1238,15,3156.9,230.59,Wallet,Cancelled
ORD10510,2025-02-16,Feb,Customer_510,Unisex,East,Guwahati,Jeans,Cargo Jeans,Tommy Hilfiger,XL,Red,2,1500,30,2100.0,692.45,Net Banking,Delivered
ORD10511,2025-05-21,May,Customer_511,Women,South,Chennai,Jackets,Denim Jacket,Adidas,Free Size,Grey,4,3844,10,13838.4,4765.31,UPI,Delivered
ORD10512,2025-05-23,May,Customer_512,Men,West,Pune,Watches,Sports Watch,Roadster,Free Size,Black,2,3472,15,5902.4,1806.57,UPI,Delivered
ORD10513,2025-11-24,Nov,Customer_513,Women,West,Ahmedabad,Jackets,Winter Jacket,Fastrack,S,Pink,3,1498,20,3595.2,1241.81,Cash,Delivered
ORD10514,2025-03-24,Mar,Customer_514,Men,East,Bhubaneswar,Bags,Backpack,H&M,L,Blue,4,3097,30,8671.6,2769.3,Net Banking,Delivered
ORD10515,2025-02-21,Feb,Customer_515,Unisex,East,Guwahati,Caps,Snapback Cap,Roadster,Free Size,Grey,2,2636,20,4217.6,578.89,Net Banking,Delivered
ORD10516,2025-01-02,Jan,Customer_516,Men,West,Pune,Shirts,Formal Shirt,Zara,S,White,4,2138,25,6414.0,255.84,Card,Returned
ORD10517,2025-03-10,Mar,Customer_517,Women,West,Indore,Shoes,Sandals,Puma,M,Blue,3,1920,25,4320.0,1184.48,Net Banking,Delivered
ORD10518,2025-01-11,Jan,Customer_518,Women,West,Pune,Watches,Analog Watch,Roadster,M,Black,1,2372,0,2372.0,885.4,Net Banking,Delivered
ORD10519,2025-07-08,Jul,Customer_519,Women,South,Bangalore,Dresses,Casual Dress,Levis,XL,Blue,2,1460,0,2920.0,895.95,Card,Delivered
ORD10520,2025-07-15,Jul,Customer_520,Women,East,Guwahati,Jackets,Denim Jacket,Levis,M,Pink,2,4032,30,5644.8,980.6,Card,Delivered
ORD10521,2025-05-01,May,Customer_521,Unisex,East,Patna,Dresses,Maxi Dress,Nike,XL,Blue,5,4193,5,19916.75,860.83,UPI,Cancelled
ORD10522,2025-07-16,Jul,Customer_522,Men,West,Pune,Caps,Baseball Cap,Puma,L,Red,4,2598,0,10392.0,1504.48,Net Banking,Delivered
ORD10523,2025-05-10,May,Customer_523,Women,North,Delhi,Watches,Sports Watch,Tommy Hilfiger,M,Black,5,3619,10,16285.5,1218.66,Wallet,Cancelled
ORD10524,2025-08-28,Aug,Customer_524,Men,West,Ahmedabad,Shoes,Formal Shoes,Zara,L,Blue,2,1233,10,2219.4,676.18,Cash,Delivered
ORD10525,2025-08-09,Aug,Customer_525,Unisex,East,Patna,Shirts,Casual Shirt,Allen Solly,L,Pink,3,2655,20,6372.0,2139.04,Card,Delivered
ORD10526,2025-01-28,Jan,Customer_526,Women,South,Kochi,Watches,Sports Watch,Allen Solly,L,White,2,1716,0,3432.0,616.95,Net Banking,Delivered
ORD10527,2025-07-02,Jul,Customer_527,Men,North,Chandigarh,Dresses,Maxi Dress,Allen Solly,S,Grey,5,4473,15,19010.25,943.58,UPI,Cancelled
ORD10528,2025-10-16,Oct,Customer_528,Unisex,South,Hyderabad,Jackets,Winter Jacket,Zara,Free Size,White,5,2238,20,8952.0,3397.12,Net Banking,Delivered
ORD10529,2025-01-14,Jan,Customer_529,Women,North,Lucknow,Jeans,Slim Jeans,Allen Solly,M,Black,3,1498,15,3819.9,829.4,UPI,Delivered
ORD10530,2025-11-01,Nov,Customer_530,Women,West,Ahmedabad,Caps,Snapback Cap,Allen Solly,Free Size,White,1,3197,0,3197.0,929.06,Card,Delivered
ORD10531,2025-10-08,Oct,Customer_531,Men,North,Delhi,Shirts,Polo Shirt,Puma,XL,Blue,5,3623,0,18115.0,4052.38,UPI,Delivered
ORD10532,2025-11-28,Nov,Customer_532,Unisex,West,Ahmedabad,Jackets,Denim Jacket,Roadster,L,White,2,1486,10,2674.8,662.33,Cash,Delivered
ORD10533,2025-08-17,Aug,Customer_533,Men,South,Kochi,Jeans,Regular Jeans,Fastrack,XL,Grey,4,4401,10,15843.6,4220.65,Wallet,Delivered
ORD10534,2025-09-20,Sep,Customer_534,Unisex,North,Delhi,Shoes,Sandals,Roadster,M,Brown,3,4296,25,9666.0,344.69,Wallet,Cancelled
ORD10535,2025-09-02,Sep,Customer_535,Men,West,Mumbai,Jeans,Regular Jeans,Allen Solly,Free Size,Pink,3,1716,5,4890.6,1457.02,Cash,Delivered
ORD10536,2025-07-31,Jul,Customer_536,Women,North,Chandigarh,Shirts,Formal Shirt,Nike,L,Blue,1,4305,25,3228.75,992.13,Wallet,Delivered
ORD10537,2025-07-21,Jul,Customer_537,Women,South,Chennai,Shirts,Formal Shirt,Allen Solly,Free Size,Brown,1,1181,15,1003.85,349.3,Net Banking,Delivered
ORD10538,2025-02-10,Feb,Customer_538,Unisex,South,Chennai,Bags,Laptop Bag,Zara,S,Black,5,2623,30,9180.5,2709.04,Net Banking,Delivered
ORD10539,2025-12-21,Dec,Customer_539,Women,West,Indore,Jeans,Slim Jeans,Zara,XL,Green,4,4486,10,16149.6,906.99,UPI,Returned
ORD10540,2025-01-09,Jan,Customer_540,Unisex,South,Bangalore,Shoes,Sneakers,Nike,M,Pink,2,718,5,1364.2,334.35,Wallet,Delivered
ORD10541,2025-08-31,Aug,Customer_541,Unisex,West,Pune,Jackets,Denim Jacket,Levis,XL,Brown,4,677,0,2708.0,441.91,Net Banking,Delivered
ORD10542,2025-05-31,May,Customer_542,Unisex,South,Chennai,Shirts,Linen Shirt,Tommy Hilfiger,XL,Pink,5,3708,0,18540.0,3834.09,Net Banking,Delivered
ORD10543,2025-09-20,Sep,Customer_543,Men,West,Indore,Bags,Backpack,Allen Solly,XL,Grey,5,4495,5,21351.25,1305.48,Wallet,Returned
ORD10544,2025-09-11,Sep,Customer_544,Men,West,Mumbai,Jeans,Regular Jeans,Roadster,L,Red,5,3339,15,14190.75,4276.44,Net Banking,Delivered
ORD10545,2025-11-05,Nov,Customer_545,Women,South,Hyderabad,Watches,Smart Watch,H&M,L,Brown,4,1573,10,5662.8,1744.02,Card,Delivered
ORD10546,2025-03-30,Mar,Customer_546,Women,West,Pune,Jackets,Winter Jacket,Adidas,L,Red,2,1779,20,2846.4,705.82,Card,Delivered
ORD10547,2025-12-13,Dec,Customer_547,Men,East,Patna,Shirts,Formal Shirt,Puma,S,Grey,2,1930,30,2702.0,185.61,Net Banking,Returned
ORD10548,2025-09-07,Sep,Customer_548,Unisex,North,Jaipur,Jeans,Cargo Jeans,H&M,L,White,3,3286,30,6900.6,1465.43,Wallet,Delivered
ORD10549,2025-02-26,Feb,Customer_549,Men,West,Indore,Jeans,Cargo Jeans,Nike,M,Blue,1,1333,30,933.1,49.69,Card,Returned
ORD10550,2025-02-20,Feb,Customer_550,Men,West,Indore,Watches,Analog Watch,Levis,XL,Pink,2,3478,10,6260.4,2084.6,UPI,Delivered
ORD10551,2025-02-13,Feb,Customer_551,Unisex,East,Bhubaneswar,Jackets,Winter Jacket,Puma,M,White,3,3549,25,7985.25,2525.41,Wallet,Delivered
ORD10552,2025-07-29,Jul,Customer_552,Women,West,Indore,Dresses,Maxi Dress,Zara,M,Black,4,4727,30,13235.6,3935.89,Wallet,Delivered
ORD10553,2025-03-26,Mar,Customer_553,Unisex,East,Guwahati,Jeans,Slim Jeans,Puma,M,Black,4,1002,15,3406.8,216.26,Wallet,Cancelled
ORD10554,2025-06-26,Jun,Customer_554,Unisex,East,Patna,Bags,Travel Bag,Roadster,XL,Brown,1,2790,20,2232.0,622.07,Card,Delivered
ORD10555,2025-06-04,Jun,Customer_555,Unisex,West,Pune,Caps,Snapback Cap,Puma,M,Green,1,801,20,640.8,26.53,Card,Cancelled
ORD10556,2025-11-22,Nov,Customer_556,Unisex,East,Patna,Jeans,Cargo Jeans,Fastrack,L,Red,2,690,0,1380.0,97.01,Cash,Returned
ORD10557,2025-05-13,May,Customer_557,Men,North,Lucknow,Dresses,Casual Dress,Adidas,XL,Green,5,3402,0,17010.0,450.46,Wallet,Cancelled
ORD10558,2025-06-29,Jun,Customer_558,Unisex,South,Chennai,Shirts,Linen Shirt,Puma,M,Pink,3,2829,25,6365.25,412.53,Wallet,Cancelled
ORD10559,2025-08-21,Aug,Customer_559,Men,South,Hyderabad,Jackets,Denim Jacket,Puma,S,Black,1,1699,25,1274.25,293.94,Net Banking,Delivered
ORD10560,2025-07-09,Jul,Customer_560,Women,West,Mumbai,Shoes,Sandals,H&M,Free Size,Brown,5,3798,20,15192.0,4030.92,Net Banking,Delivered
ORD10561,2025-03-15,Mar,Customer_561,Unisex,West,Pune,Caps,Snapback Cap,Allen Solly,Free Size,Blue,5,1540,15,6545.0,1995.56,Card,Delivered
ORD10562,2025-03-02,Mar,Customer_562,Women,South,Hyderabad,Caps,Beanie,Nike,S,White,5,3846,0,19230.0,582.38,UPI,Returned
ORD10563,2025-09-06,Sep,Customer_563,Men,East,Patna,Watches,Smart Watch,Puma,L,Green,1,1669,5,1585.55,513.38,Card,Delivered
ORD10564,2025-02-04,Feb,Customer_564,Women,North,Lucknow,Shoes,Sandals,Nike,L,Pink,1,3919,15,3331.15,179.21,Net Banking,Returned
ORD10565,2025-12-08,Dec,Customer_565,Unisex,West,Indore,Shoes,Sneakers,Fastrack,Free Size,Pink,4,1719,30,4813.2,1488.46,Net Banking,Delivered
ORD10566,2025-05-23,May,Customer_566,Unisex,North,Chandigarh,Jackets,Winter Jacket,Puma,L,Blue,1,1855,25,1391.25,35.18,Wallet,Cancelled
ORD10567,2025-09-01,Sep,Customer_567,Men,North,Jaipur,Jeans,Slim Jeans,Tommy Hilfiger,S,Green,5,651,0,3255.0,189.54,Card,Returned
ORD10568,2025-10-01,Oct,Customer_568,Men,West,Mumbai,Jackets,Bomber Jacket,Tommy Hilfiger,L,Pink,5,3123,15,13272.75,3624.95,Card,Delivered
ORD10569,2025-05-12,May,Customer_569,Men,East,Guwahati,Dresses,Maxi Dress,Fastrack,M,Green,1,1438,0,1438.0,375.12,UPI,Delivered
ORD10570,2025-11-11,Nov,Customer_570,Women,South,Bangalore,Shoes,Formal Shoes,Roadster,S,Grey,3,1985,0,5955.0,1819.0,Card,Delivered
ORD10571,2025-01-27,Jan,Customer_571,Women,West,Mumbai,Dresses,Party Dress,Levis,Free Size,Pink,2,2461,30,3445.4,948.25,UPI,Delivered
ORD10572,2025-02-03,Feb,Customer_572,Women,West,Indore,Bags,Backpack,Puma,Free Size,Blue,4,735,15,2499.0,711.52,Card,Delivered
ORD10573,2025-02-12,Feb,Customer_573,Unisex,West,Indore,Shoes,Formal Shoes,Tommy Hilfiger,M,Red,5,2165,30,7577.5,2816.23,Wallet,Delivered
ORD10574,2025-08-26,Aug,Customer_574,Men,North,Delhi,Dresses,Casual Dress,Allen Solly,XL,Green,5,2868,25,10755.0,4008.83,Wallet,Delivered
ORD10575,2025-01-24,Jan,Customer_575,Women,South,Hyderabad,Bags,Travel Bag,Puma,S,White,2,4874,20,7798.4,1077.61,Wallet,Delivered
ORD10576,2025-11-22,Nov,Customer_576,Women,East,Patna,Bags,Travel Bag,H&M,M,Brown,3,4207,10,11358.9,2089.37,Wallet,Delivered
ORD10577,2025-01-03,Jan,Customer_577,Unisex,North,Chandigarh,Watches,Analog Watch,Zara,XL,Pink,1,1920,15,1632.0,86.33,Wallet,Cancelled
ORD10578,2025-12-11,Dec,Customer_578,Women,North,Chandigarh,Jeans,Cargo Jeans,Adidas,XL,White,1,3390,30,2373.0,103.4,UPI,Returned
ORD10579,2025-01-05,Jan,Customer_579,Women,South,Kochi,Jeans,Regular Jeans,Puma,M,Blue,2,661,30,925.4,35.74,Wallet,Cancelled
ORD10580,2025-01-19,Jan,Customer_580,Men,West,Ahmedabad,Bags,Handbag,H&M,M,Pink,3,4536,25,10206.0,3100.7,UPI,Delivered
ORD10581,2025-02-03,Feb,Customer_581,Unisex,South,Chennai,Bags,Travel Bag,Zara,M,Green,5,1549,25,5808.75,795.29,Card,Delivered
ORD10582,2025-08-07,Aug,Customer_582,Women,West,Mumbai,Shirts,Polo Shirt,Fastrack,S,Brown,1,3145,15,2673.25,907.65,Net Banking,Delivered
ORD10583,2025-05-23,May,Customer_583,Men,South,Bangalore,Watches,Sports Watch,Nike,L,Blue,4,4860,15,16524.0,3341.53,Wallet,Delivered
ORD10584,2025-04-11,Apr,Customer_584,Men,North,Jaipur,Shirts,Casual Shirt,Roadster,S,Brown,2,3196,10,5752.8,156.87,Net Banking,Cancelled
ORD10585,2025-08-31,Aug,Customer_585,Unisex,South,Bangalore,Shirts,Polo Shirt,Levis,M,Blue,2,3290,30,4606.0,617.91,Wallet,Delivered
ORD10586,2025-02-01,Feb,Customer_586,Men,North,Delhi,Caps,Baseball Cap,Allen Solly,M,Black,1,3590,10,3231.0,227.09,Net Banking,Cancelled
ORD10587,2025-02-22,Feb,Customer_587,Men,West,Mumbai,Shirts,Polo Shirt,Tommy Hilfiger,Free Size,Pink,1,926,10,833.4,284.17,Card,Delivered
ORD10588,2025-11-14,Nov,Customer_588,Men,West,Indore,Shirts,Linen Shirt,Roadster,XL,Grey,5,1328,10,5976.0,345.7,Wallet,Cancelled
ORD10589,2025-10-31,Oct,Customer_589,Women,North,Delhi,Jackets,Denim Jacket,Adidas,XL,Brown,2,1531,25,2296.5,579.44,Card,Delivered
ORD10590,2025-06-09,Jun,Customer_590,Women,North,Jaipur,Jackets,Denim Jacket,Nike,Free Size,White,5,4069,20,16276.0,6014.52,Card,Delivered
ORD10591,2025-07-08,Jul,Customer_591,Men,East,Patna,Caps,Beanie,Tommy Hilfiger,M,Black,1,4739,20,3791.2,1103.22,Net Banking,Delivered
ORD10592,2025-06-24,Jun,Customer_592,Unisex,South,Bangalore,Watches,Analog Watch,H&M,L,Grey,2,4396,25,6594.0,1977.4,Wallet,Delivered
ORD10593,2025-08-21,Aug,Customer_593,Men,South,Bangalore,Bags,Travel Bag,Puma,M,Brown,1,4561,5,4332.95,311.27,Wallet,Cancelled
ORD10594,2025-04-16,Apr,Customer_594,Men,East,Guwahati,Jackets,Denim Jacket,Allen Solly,S,Grey,4,2008,30,5622.4,2121.72,UPI,Delivered
ORD10595,2025-11-20,Nov,Customer_595,Men,West,Pune,Jeans,Slim Jeans,Levis,L,White,5,3447,0,17235.0,6438.66,Card,Delivered
ORD10596,2025-04-11,Apr,Customer_596,Men,South,Chennai,Bags,Handbag,Puma,M,Pink,1,1941,30,1358.7,255.52,UPI,Delivered
ORD10597,2025-07-09,Jul,Customer_597,Women,West,Pune,Watches,Analog Watch,Levis,S,Blue,3,1902,20,4564.8,341.49,Card,Returned
ORD10598,2025-06-12,Jun,Customer_598,Unisex,West,Ahmedabad,Shoes,Sneakers,H&M,Free Size,Red,5,4017,25,15063.75,2765.45,Wallet,Delivered
ORD10599,2025-11-19,Nov,Customer_599,Women,South,Bangalore,Bags,Handbag,Puma,M,Blue,3,1534,30,3221.4,162.46,Net Banking,Returned
ORD10600,2025-09-13,Sep,Customer_600,Unisex,West,Ahmedabad,Jeans,Slim Jeans,Fastrack,XL,Brown,5,4302,5,20434.5,4161.98,Net Banking,Delivered
ORD10601,2025-04-23,Apr,Customer_601,Women,North,Jaipur,Bags,Travel Bag,Tommy Hilfiger,XL,Pink,2,4202,30,5882.8,1064.43,Wallet,Delivered
ORD10602,2025-02-13,Feb,Customer_602,Men,North,Jaipur,Shoes,Formal Shoes,Levis,XL,Grey,3,4140,20,9936.0,420.11,Net Banking,Returned
ORD10603,2025-09-12,Sep,Customer_603,Men,West,Ahmedabad,Caps,Beanie,Roadster,L,Blue,3,2735,15,6974.25,881.73,Cash,Delivered
ORD10604,2025-04-27,Apr,Customer_604,Men,North,Lucknow,Jeans,Regular Jeans,Fastrack,L,Red,1,1470,0,1470.0,62.82,Cash,Returned
ORD10605,2025-10-06,Oct,Customer_605,Women,South,Chennai,Bags,Laptop Bag,Levis,XL,Black,3,568,30,1192.8,236.01,Net Banking,Delivered
ORD10606,2025-08-31,Aug,Customer_606,Unisex,South,Chennai,Shoes,Sandals,H&M,XL,Grey,2,4724,20,7558.4,2451.59,UPI,Delivered
ORD10607,2025-08-13,Aug,Customer_607,Women,West,Pune,Watches,Analog Watch,Roadster,S,Brown,4,745,10,2682.0,418.73,Cash,Delivered
ORD10608,2025-12-20,Dec,Customer_608,Men,West,Indore,Watches,Analog Watch,Roadster,M,White,5,2953,10,13288.5,724.51,Cash,Returned
ORD10609,2025-10-01,Oct,Customer_609,Women,West,Mumbai,Dresses,Party Dress,H&M,L,Blue,4,2041,15,6939.4,205.75,Card,Returned
ORD10610,2025-12-19,Dec,Customer_610,Women,South,Bangalore,Jeans,Cargo Jeans,Fastrack,L,Red,5,4501,0,22505.0,3792.99,Card,Delivered
ORD10611,2025-09-23,Sep,Customer_611,Women,North,Lucknow,Bags,Backpack,Allen Solly,M,Blue,1,1906,10,1715.4,589.28,Card,Delivered
ORD10612,2025-03-08,Mar,Customer_612,Women,West,Pune,Dresses,Party Dress,Adidas,M,Green,2,3036,15,5161.2,343.38,Wallet,Cancelled
ORD10613,2025-01-04,Jan,Customer_613,Men,East,Bhubaneswar,Jackets,Bomber Jacket,Allen Solly,Free Size,Grey,2,4150,0,8300.0,555.09,Wallet,Returned
ORD10614,2025-05-28,May,Customer_614,Women,North,Delhi,Caps,Beanie,Allen Solly,Free Size,White,4,3339,25,10017.0,3396.63,Net Banking,Delivered
ORD10615,2025-07-16,Jul,Customer_615,Men,West,Indore,Jackets,Denim Jacket,Tommy Hilfiger,M,Green,2,1281,15,2177.7,656.9,Wallet,Delivered
ORD10616,2025-10-11,Oct,Customer_616,Women,West,Indore,Bags,Backpack,H&M,XL,Brown,1,3519,0,3519.0,222.68,Card,Returned
ORD10617,2025-01-14,Jan,Customer_617,Men,North,Chandigarh,Bags,Handbag,Fastrack,XL,Black,1,4282,15,3639.7,761.97,UPI,Delivered
ORD10618,2025-09-06,Sep,Customer_618,Unisex,East,Guwahati,Bags,Backpack,Zara,XL,White,4,1057,0,4228.0,1110.24,Net Banking,Delivered
ORD10619,2025-04-01,Apr,Customer_619,Men,North,Delhi,Bags,Handbag,Zara,S,Green,3,1516,20,3638.4,1138.0,Card,Delivered
ORD10620,2025-12-12,Dec,Customer_620,Unisex,South,Bangalore,Caps,Beanie,Zara,S,Pink,5,2269,15,9643.25,580.82,Cash,Cancelled
ORD10621,2025-07-13,Jul,Customer_621,Men,North,Delhi,Caps,Baseball Cap,Tommy Hilfiger,S,Pink,2,2544,10,4579.2,1631.46,UPI,Delivered
ORD10622,2025-02-19,Feb,Customer_622,Women,North,Jaipur,Shirts,Polo Shirt,H&M,L,Red,2,1867,0,3734.0,851.64,Wallet,Delivered
ORD10623,2025-04-29,Apr,Customer_623,Women,West,Mumbai,Jackets,Bomber Jacket,Roadster,L,Black,2,1366,10,2458.8,501.78,Net Banking,Delivered
ORD10624,2025-11-29,Nov,Customer_624,Women,North,Lucknow,Jackets,Winter Jacket,H&M,L,Brown,5,3521,0,17605.0,2420.8,UPI,Delivered
ORD10625,2025-12-14,Dec,Customer_625,Women,East,Guwahati,Shoes,Formal Shoes,Adidas,XL,Blue,2,3219,5,6116.1,348.85,Cash,Cancelled
ORD10626,2025-04-30,Apr,Customer_626,Men,South,Bangalore,Shirts,Linen Shirt,Roadster,Free Size,Blue,1,1515,10,1363.5,247.42,UPI,Delivered
ORD10627,2025-03-19,Mar,Customer_627,Unisex,East,Bhubaneswar,Shoes,Formal Shoes,Allen Solly,XL,Grey,4,2173,25,6519.0,169.31,Card,Cancelled
ORD10628,2025-01-13,Jan,Customer_628,Men,West,Ahmedabad,Bags,Laptop Bag,Nike,M,Red,2,3212,10,5781.6,211.59,Wallet,Returned
ORD10629,2025-11-19,Nov,Customer_629,Men,South,Kochi,Dresses,Casual Dress,Puma,M,Red,1,1028,30,719.6,178.34,Card,Delivered
ORD10630,2025-09-17,Sep,Customer_630,Unisex,South,Chennai,Jeans,Slim Jeans,Tommy Hilfiger,M,Red,1,3990,25,2992.5,722.51,Net Banking,Delivered
ORD10631,2025-11-22,Nov,Customer_631,Women,East,Guwahati,Shoes,Sneakers,Levis,XL,Pink,2,2726,30,3816.4,1233.21,Card,Delivered
ORD10632,2025-09-04,Sep,Customer_632,Unisex,West,Pune,Caps,Beanie,Roadster,Free Size,White,1,3623,15,3079.55,1053.36,Wallet,Delivered
ORD10633,2025-08-21,Aug,Customer_633,Women,West,Ahmedabad,Shoes,Formal Shoes,Roadster,M,Brown,3,3572,20,8572.8,2379.52,Card,Delivered
ORD10634,2025-09-09,Sep,Customer_634,Women,North,Lucknow,Shoes,Sneakers,Nike,XL,Green,4,3905,15,13277.0,4943.4,Wallet,Delivered
ORD10635,2025-10-17,Oct,Customer_635,Unisex,North,Chandigarh,Jeans,Regular Jeans,Nike,L,Brown,2,2090,30,2926.0,683.04,Cash,Delivered
ORD10636,2025-09-02,Sep,Customer_636,Unisex,South,Chennai,Shirts,Linen Shirt,Roadster,M,Green,1,3459,25,2594.25,787.89,Wallet,Delivered
ORD10637,2025-11-05,Nov,Customer_637,Unisex,East,Bhubaneswar,Caps,Snapback Cap,Zara,XL,Pink,5,1821,0,9105.0,1368.94,Wallet,Delivered
ORD10638,2025-08-07,Aug,Customer_638,Women,West,Pune,Jeans,Cargo Jeans,H&M,Free Size,Green,3,2974,20,7137.6,530.46,Net Banking,Cancelled
ORD10639,2025-05-18,May,Customer_639,Women,East,Bhubaneswar,Jeans,Slim Jeans,Tommy Hilfiger,S,Blue,2,3759,25,5638.5,1128.3,UPI,Delivered
ORD10640,2025-03-29,Mar,Customer_640,Women,East,Guwahati,Dresses,Casual Dress,Roadster,M,Blue,2,3568,5,6779.2,2054.45,Net Banking,Delivered
ORD10641,2025-04-09,Apr,Customer_641,Men,North,Jaipur,Jackets,Denim Jacket,H&M,M,Blue,3,3847,15,9809.85,555.19,Cash,Returned
ORD10642,2025-06-25,Jun,Customer_642,Men,East,Kolkata,Jeans,Regular Jeans,Adidas,S,Green,1,2422,15,2058.7,506.75,UPI,Delivered
ORD10643,2025-11-05,Nov,Customer_643,Unisex,North,Chandigarh,Shirts,Formal Shirt,H&M,XL,Grey,5,2676,15,11373.0,2764.1,Cash,Delivered
ORD10644,2025-07-13,Jul,Customer_644,Men,East,Guwahati,Watches,Smart Watch,H&M,XL,Pink,5,967,10,4351.5,1509.97,Card,Delivered
ORD10645,2025-07-08,Jul,Customer_645,Men,East,Bhubaneswar,Shirts,Formal Shirt,Fastrack,L,Black,4,4391,20,14051.2,3195.42,Cash,Delivered
ORD10646,2025-07-24,Jul,Customer_646,Unisex,South,Kochi,Shirts,Polo Shirt,Allen Solly,S,Pink,5,1165,10,5242.5,1212.37,Cash,Delivered
ORD10647,2025-09-12,Sep,Customer_647,Women,North,Jaipur,Jackets,Bomber Jacket,Zara,M,Brown,1,2967,30,2076.9,122.54,UPI,Returned
ORD10648,2025-04-19,Apr,Customer_648,Men,South,Chennai,Caps,Snapback Cap,Fastrack,M,Grey,2,1231,0,2462.0,114.76,Net Banking,Cancelled
ORD10649,2025-12-07,Dec,Customer_649,Unisex,West,Mumbai,Bags,Handbag,Levis,L,Red,2,4877,25,7315.5,2257.62,Wallet,Delivered
ORD10650,2025-12-01,Dec,Customer_650,Men,West,Indore,Jeans,Cargo Jeans,Puma,L,Blue,5,4078,30,14273.0,2578.78,UPI,Delivered
ORD10651,2025-10-21,Oct,Customer_651,Unisex,South,Bangalore,Jeans,Regular Jeans,Tommy Hilfiger,S,Green,3,1542,30,3238.2,652.42,UPI,Delivered
ORD10652,2025-12-14,Dec,Customer_652,Men,East,Patna,Jackets,Winter Jacket,Roadster,XL,Black,2,4756,25,7134.0,1971.98,Wallet,Delivered
ORD10653,2025-09-13,Sep,Customer_653,Unisex,East,Bhubaneswar,Caps,Beanie,Zara,S,Grey,4,1706,20,5459.2,211.47,Cash,Cancelled
ORD10654,2025-09-11,Sep,Customer_654,Men,West,Pune,Jeans,Regular Jeans,Tommy Hilfiger,M,Red,3,3584,0,10752.0,4033.04,UPI,Delivered
ORD10655,2025-01-12,Jan,Customer_655,Women,East,Bhubaneswar,Shoes,Sandals,Roadster,XL,Pink,5,3712,10,16704.0,3839.14,UPI,Delivered
ORD10656,2025-03-09,Mar,Customer_656,Women,West,Mumbai,Bags,Laptop Bag,H&M,M,White,3,942,30,1978.2,718.07,Net Banking,Delivered
ORD10657,2025-04-11,Apr,Customer_657,Unisex,South,Chennai,Caps,Beanie,Zara,M,Pink,1,3466,25,2599.5,890.58,Net Banking,Delivered
ORD10658,2025-04-02,Apr,Customer_658,Women,East,Guwahati,Shoes,Running Shoes,Adidas,M,Pink,1,1460,20,1168.0,67.52,Card,Returned
ORD10659,2025-06-04,Jun,Customer_659,Unisex,West,Indore,Shirts,Formal Shirt,H&M,S,Brown,5,1912,25,7170.0,449.92,Net Banking,Cancelled
ORD10660,2025-03-01,Mar,Customer_660,Men,North,Delhi,Bags,Travel Bag,Puma,S,Brown,1,1498,15,1273.3,73.03,Cash,Returned
ORD10661,2025-11-27,Nov,Customer_661,Men,West,Indore,Jeans,Cargo Jeans,Zara,Free Size,White,4,2943,20,9417.6,1436.76,Net Banking,Delivered
ORD10662,2025-09-23,Sep,Customer_662,Men,West,Mumbai,Shirts,Linen Shirt,Fastrack,M,Blue,5,4914,25,18427.5,1226.89,Card,Cancelled
ORD10663,2025-03-04,Mar,Customer_663,Men,West,Ahmedabad,Shoes,Running Shoes,Fastrack,Free Size,Green,1,1554,20,1243.2,215.84,UPI,Delivered
ORD10664,2025-10-06,Oct,Customer_664,Men,East,Patna,Jeans,Slim Jeans,Fastrack,Free Size,Green,2,3964,25,5946.0,713.65,Wallet,Delivered
ORD10665,2025-09-25,Sep,Customer_665,Unisex,West,Ahmedabad,Caps,Baseball Cap,Tommy Hilfiger,S,Red,3,4908,20,11779.2,2056.16,UPI,Delivered
ORD10666,2025-11-05,Nov,Customer_666,Unisex,South,Chennai,Jackets,Denim Jacket,Levis,Free Size,Pink,5,2268,20,9072.0,1935.57,UPI,Delivered
ORD10667,2025-08-22,Aug,Customer_667,Men,South,Kochi,Bags,Laptop Bag,Roadster,Free Size,Red,1,2581,25,1935.75,89.27,UPI,Cancelled
ORD10668,2025-03-20,Mar,Customer_668,Men,South,Kochi,Bags,Handbag,Puma,S,Green,3,4051,15,10330.05,261.84,UPI,Returned
ORD10669,2025-06-18,Jun,Customer_669,Men,West,Mumbai,Jeans,Cargo Jeans,Fastrack,L,Black,1,3471,10,3123.9,1006.83,UPI,Delivered
ORD10670,2025-03-31,Mar,Customer_670,Men,North,Delhi,Dresses,Maxi Dress,Roadster,Free Size,Grey,5,3010,20,12040.0,4015.93,Wallet,Delivered
ORD10671,2025-03-29,Mar,Customer_671,Unisex,North,Delhi,Bags,Laptop Bag,Tommy Hilfiger,Free Size,Pink,3,3690,5,10516.5,441.16,Net Banking,Cancelled
ORD10672,2025-03-15,Mar,Customer_672,Women,South,Chennai,Shoes,Formal Shoes,Nike,M,Pink,4,2689,0,10756.0,771.84,Net Banking,Cancelled
ORD10673,2025-05-22,May,Customer_673,Women,West,Ahmedabad,Shoes,Sandals,Puma,S,Green,4,4763,25,14289.0,4989.16,Net Banking,Delivered
ORD10674,2025-02-17,Feb,Customer_674,Women,North,Jaipur,Watches,Analog Watch,Adidas,S,Pink,2,969,0,1938.0,121.43,Wallet,Returned
ORD10675,2025-01-08,Jan,Customer_675,Women,North,Chandigarh,Shoes,Sandals,Allen Solly,Free Size,Grey,5,2056,30,7196.0,451.82,Card,Cancelled
ORD10676,2025-02-08,Feb,Customer_676,Women,South,Chennai,Shirts,Linen Shirt,Zara,XL,Pink,3,1591,20,3818.4,808.95,Card,Delivered
ORD10677,2025-05-29,May,Customer_677,Unisex,South,Bangalore,Watches,Analog Watch,Puma,Free Size,Pink,3,4456,10,12031.2,2271.91,Card,Delivered
ORD10678,2025-07-02,Jul,Customer_678,Men,West,Mumbai,Bags,Backpack,Allen Solly,L,White,1,4270,10,3843.0,759.27,Net Banking,Delivered
ORD10679,2025-04-12,Apr,Customer_679,Men,West,Indore,Watches,Analog Watch,Adidas,XL,Black,1,4833,20,3866.4,1367.21,Card,Delivered
ORD10680,2025-06-03,Jun,Customer_680,Men,West,Ahmedabad,Bags,Handbag,Allen Solly,XL,Brown,3,4007,5,11419.95,2963.15,Card,Delivered
ORD10681,2025-12-30,Dec,Customer_681,Women,North,Lucknow,Shoes,Formal Shoes,Roadster,XL,Grey,2,1405,5,2669.5,518.08,UPI,Delivered
ORD10682,2025-08-04,Aug,Customer_682,Women,East,Kolkata,Shoes,Sneakers,Allen Solly,XL,Pink,4,4558,30,12762.4,3793.64,Card,Delivered
ORD10683,2025-06-26,Jun,Customer_683,Unisex,South,Chennai,Jeans,Slim Jeans,Nike,L,Pink,5,610,30,2135.0,636.13,Wallet,Delivered
ORD10684,2025-09-06,Sep,Customer_684,Unisex,East,Patna,Shirts,Linen Shirt,Allen Solly,M,Red,1,4012,5,3811.4,213.88,Cash,Cancelled
ORD10685,2025-08-31,Aug,Customer_685,Unisex,West,Pune,Jeans,Regular Jeans,H&M,M,Red,1,4614,20,3691.2,123.37,UPI,Returned
ORD10686,2025-03-16,Mar,Customer_686,Women,East,Bhubaneswar,Shoes,Sandals,Nike,XL,Green,4,643,20,2057.6,353.72,Card,Delivered
ORD10687,2025-09-19,Sep,Customer_687,Women,West,Mumbai,Jackets,Winter Jacket,Roadster,L,Pink,4,922,10,3319.2,493.28,Card,Delivered
ORD10688,2025-01-27,Jan,Customer_688,Men,North,Delhi,Watches,Analog Watch,Zara,XL,White,3,2235,10,6034.5,292.96,Cash,Returned
ORD10689,2025-02-19,Feb,Customer_689,Unisex,East,Kolkata,Caps,Beanie,Puma,Free Size,Grey,1,1566,10,1409.4,301.26,Card,Delivered
ORD10690,2025-02-24,Feb,Customer_690,Men,West,Mumbai,Bags,Handbag,Tommy Hilfiger,M,Brown,2,1484,0,2968.0,161.76,UPI,Cancelled
ORD10691,2025-08-31,Aug,Customer_691,Men,East,Patna,Jeans,Cargo Jeans,Tommy Hilfiger,XL,Green,2,4869,25,7303.5,1168.23,Wallet,Delivered
ORD10692,2025-02-04,Feb,Customer_692,Men,North,Chandigarh,Watches,Smart Watch,Allen Solly,M,Green,4,3931,20,12579.2,911.1,Card,Returned
ORD10693,2025-07-23,Jul,Customer_693,Men,North,Jaipur,Bags,Backpack,Tommy Hilfiger,XL,Pink,4,4860,30,13608.0,3449.72,Wallet,Delivered
ORD10694,2025-04-05,Apr,Customer_694,Men,East,Bhubaneswar,Dresses,Party Dress,Tommy Hilfiger,Free Size,Brown,1,1809,20,1447.2,51.12,Wallet,Cancelled
ORD10695,2025-10-10,Oct,Customer_695,Women,East,Patna,Bags,Laptop Bag,H&M,S,White,1,1900,5,1805.0,238.01,Cash,Delivered
ORD10696,2025-10-01,Oct,Customer_696,Women,South,Chennai,Shoes,Formal Shoes,Nike,L,Blue,1,510,25,382.5,16.09,Wallet,Returned
ORD10697,2025-01-30,Jan,Customer_697,Men,East,Patna,Bags,Handbag,Roadster,L,Black,1,3411,5,3240.45,1004.29,Wallet,Delivered
ORD10698,2025-08-15,Aug,Customer_698,Women,East,Bhubaneswar,Jeans,Cargo Jeans,Roadster,M,Brown,2,3155,10,5679.0,196.51,Card,Cancelled
ORD10699,2025-09-11,Sep,Customer_699,Men,West,Mumbai,Dresses,Party Dress,Zara,Free Size,Brown,2,4262,5,8097.8,2688.92,Card,Delivered
ORD10700,2025-07-21,Jul,Customer_700,Men,South,Chennai,Bags,Backpack,Levis,XL,Pink,5,2037,0,10185.0,1602.26,UPI,Delivered
ORD10701,2025-07-16,Jul,Customer_701,Men,North,Chandigarh,Shoes,Running Shoes,Tommy Hilfiger,M,Red,1,1400,30,980.0,24.21,UPI,Cancelled
ORD10702,2025-02-24,Feb,Customer_702,Men,North,Delhi,Bags,Handbag,Tommy Hilfiger,XL,Brown,5,3271,30,11448.5,3479.64,Card,Delivered
ORD10703,2025-01-29,Jan,Customer_703,Men,South,Chennai,Bags,Laptop Bag,Allen Solly,S,Green,5,2690,25,10087.5,2636.26,UPI,Delivered
ORD10704,2025-04-27,Apr,Customer_704,Men,South,Bangalore,Dresses,Maxi Dress,Nike,XL,Blue,4,3656,5,13892.8,2943.34,Net Banking,Delivered
ORD10705,2025-07-02,Jul,Customer_705,Men,North,Lucknow,Shoes,Running Shoes,H&M,Free Size,White,1,3232,0,3232.0,690.77,Card,Delivered
ORD10706,2025-03-18,Mar,Customer_706,Women,South,Kochi,Dresses,Casual Dress,Puma,L,Green,3,2850,10,7695.0,2674.82,UPI,Delivered
ORD10707,2025-07-19,Jul,Customer_707,Women,East,Bhubaneswar,Shirts,Casual Shirt,Zara,L,White,4,4418,30,12370.4,340.19,UPI,Returned
ORD10708,2025-06-13,Jun,Customer_708,Unisex,West,Ahmedabad,Watches,Analog Watch,Zara,L,White,4,3971,15,13501.4,4054.33,Card,Delivered
ORD10709,2025-09-30,Sep,Customer_709,Women,West,Indore,Dresses,Party Dress,Fastrack,Free Size,Red,5,2384,15,10132.0,287.22,UPI,Cancelled
ORD10710,2025-07-05,Jul,Customer_710,Women,South,Bangalore,Jackets,Winter Jacket,Nike,L,White,5,4381,5,20809.75,7479.75,Cash,Delivered
ORD10711,2025-04-18,Apr,Customer_711,Unisex,West,Pune,Caps,Baseball Cap,Fastrack,M,Pink,2,956,25,1434.0,44.69,UPI,Cancelled
ORD10712,2025-09-02,Sep,Customer_712,Men,North,Delhi,Dresses,Party Dress,Nike,M,Blue,5,1794,0,8970.0,1418.97,UPI,Delivered
ORD10713,2025-09-28,Sep,Customer_713,Unisex,West,Pune,Dresses,Maxi Dress,Zara,S,Green,3,4350,15,11092.5,3414.99,UPI,Delivered
ORD10714,2025-01-06,Jan,Customer_714,Unisex,South,Chennai,Shoes,Running Shoes,Nike,L,Green,4,3969,25,11907.0,4364.43,Card,Delivered
ORD10715,2025-03-06,Mar,Customer_715,Men,North,Chandigarh,Dresses,Maxi Dress,Levis,Free Size,Blue,2,3779,20,6046.4,813.6,Net Banking,Delivered
ORD10716,2025-01-28,Jan,Customer_716,Men,West,Pune,Caps,Beanie,Roadster,L,Grey,3,3974,5,11325.9,2153.95,UPI,Delivered
ORD10717,2025-04-19,Apr,Customer_717,Unisex,North,Delhi,Jackets,Winter Jacket,Zara,M,Black,5,588,30,2058.0,733.72,Card,Delivered
ORD10718,2025-01-24,Jan,Customer_718,Women,North,Chandigarh,Bags,Backpack,Tommy Hilfiger,L,Pink,1,3076,0,3076.0,1123.7,Wallet,Delivered
ORD10719,2025-12-26,Dec,Customer_719,Men,East,Bhubaneswar,Jackets,Winter Jacket,Roadster,Free Size,White,1,3213,15,2731.05,192.86,UPI,Returned
ORD10720,2025-03-24,Mar,Customer_720,Unisex,North,Lucknow,Dresses,Party Dress,Tommy Hilfiger,M,Red,2,4292,0,8584.0,3005.71,Card,Delivered
ORD10721,2025-05-29,May,Customer_721,Women,South,Hyderabad,Shoes,Formal Shoes,Allen Solly,M,Red,3,4028,0,12084.0,849.69,Wallet,Cancelled
ORD10722,2025-01-08,Jan,Customer_722,Women,West,Mumbai,Jeans,Slim Jeans,Tommy Hilfiger,S,Brown,2,3034,20,4854.4,1677.48,Cash,Delivered
ORD10723,2025-10-23,Oct,Customer_723,Women,North,Lucknow,Shoes,Formal Shoes,Zara,L,Brown,3,3393,0,10179.0,281.95,Cash,Cancelled
ORD10724,2025-01-21,Jan,Customer_724,Unisex,North,Chandigarh,Caps,Snapback Cap,Zara,M,Brown,3,2847,15,7259.85,328.65,Cash,Returned
ORD10725,2025-05-15,May,Customer_725,Unisex,West,Indore,Watches,Smart Watch,Adidas,S,White,1,966,25,724.5,47.17,UPI,Cancelled
ORD10726,2025-04-25,Apr,Customer_726,Women,West,Mumbai,Bags,Travel Bag,Zara,Free Size,Brown,4,4285,25,12855.0,1855.12,UPI,Delivered
ORD10727,2025-04-13,Apr,Customer_727,Women,West,Indore,Jeans,Slim Jeans,Adidas,M,Brown,4,3191,0,12764.0,516.93,UPI,Returned
ORD10728,2025-03-16,Mar,Customer_728,Women,South,Kochi,Bags,Travel Bag,Nike,S,Grey,2,3121,20,4993.6,127.98,Net Banking,Returned
ORD10729,2025-12-17,Dec,Customer_729,Men,South,Bangalore,Caps,Baseball Cap,Nike,S,Green,4,2709,10,9752.4,2782.15,Net Banking,Delivered
ORD10730,2025-12-09,Dec,Customer_730,Women,West,Pune,Jeans,Regular Jeans,Allen Solly,L,White,3,2006,30,4212.6,564.37,Card,Delivered
ORD10731,2025-12-23,Dec,Customer_731,Unisex,West,Pune,Watches,Smart Watch,Allen Solly,Free Size,Red,4,3404,25,10212.0,2739.7,UPI,Delivered
ORD10732,2025-08-23,Aug,Customer_732,Women,North,Jaipur,Shoes,Formal Shoes,Puma,L,Black,2,4590,30,6426.0,259.95,Net Banking,Cancelled
ORD10733,2025-04-22,Apr,Customer_733,Unisex,North,Delhi,Shoes,Sandals,Tommy Hilfiger,XL,Red,2,3941,25,5911.5,1548.71,Cash,Delivered
ORD10734,2025-07-06,Jul,Customer_734,Unisex,North,Lucknow,Jackets,Denim Jacket,Tommy Hilfiger,XL,Brown,1,2972,10,2674.8,670.15,Net Banking,Delivered
ORD10735,2025-02-28,Feb,Customer_735,Unisex,West,Ahmedabad,Dresses,Party Dress,Puma,M,Pink,2,4257,15,7236.9,314.1,Net Banking,Returned
ORD10736,2025-02-23,Feb,Customer_736,Women,North,Delhi,Bags,Travel Bag,Levis,Free Size,Blue,1,633,20,506.4,183.54,Net Banking,Delivered
ORD10737,2025-08-21,Aug,Customer_737,Men,South,Chennai,Shirts,Polo Shirt,Roadster,L,Brown,5,3620,0,18100.0,3092.31,Net Banking,Delivered
ORD10738,2025-05-18,May,Customer_738,Unisex,South,Hyderabad,Dresses,Maxi Dress,Puma,M,Black,3,3017,30,6335.7,2247.24,Net Banking,Delivered
ORD10739,2025-09-23,Sep,Customer_739,Women,South,Hyderabad,Shirts,Formal Shirt,Nike,M,Pink,5,3099,10,13945.5,458.27,Card,Returned
ORD10740,2025-11-22,Nov,Customer_740,Men,West,Pune,Dresses,Maxi Dress,Tommy Hilfiger,XL,Red,4,1922,15,6534.8,464.08,UPI,Returned
ORD10741,2025-10-11,Oct,Customer_741,Women,West,Ahmedabad,Shoes,Running Shoes,Tommy Hilfiger,S,White,2,3140,5,5966.0,860.57,UPI,Delivered
ORD10742,2025-08-21,Aug,Customer_742,Women,North,Jaipur,Jeans,Cargo Jeans,Roadster,M,Red,3,2027,5,5776.95,1673.33,Net Banking,Delivered
ORD10743,2025-11-18,Nov,Customer_743,Men,North,Jaipur,Bags,Backpack,Levis,S,White,1,1346,0,1346.0,64.44,Cash,Returned
ORD10744,2025-07-05,Jul,Customer_744,Women,North,Chandigarh,Bags,Handbag,Adidas,S,Brown,2,3700,0,7400.0,1832.76,UPI,Delivered
ORD10745,2025-11-21,Nov,Customer_745,Unisex,West,Ahmedabad,Jackets,Bomber Jacket,Roadster,Free Size,Black,4,1818,5,6908.4,1365.63,UPI,Delivered
ORD10746,2025-09-25,Sep,Customer_746,Men,North,Jaipur,Watches,Smart Watch,Allen Solly,Free Size,White,3,1495,5,4260.75,236.55,Card,Returned
ORD10747,2025-03-12,Mar,Customer_747,Women,North,Lucknow,Watches,Analog Watch,H&M,L,Brown,2,1182,25,1773.0,531.57,Card,Delivered
ORD10748,2025-09-11,Sep,Customer_748,Men,East,Guwahati,Jeans,Regular Jeans,Fastrack,M,Green,4,4698,15,15973.2,5747.33,Net Banking,Delivered
ORD10749,2025-04-16,Apr,Customer_749,Women,East,Bhubaneswar,Jeans,Cargo Jeans,Tommy Hilfiger,L,Blue,4,4049,15,13766.6,633.74,Wallet,Cancelled
ORD10750,2025-11-20,Nov,Customer_750,Women,East,Patna,Dresses,Party Dress,H&M,Free Size,Pink,1,4180,5,3971.0,278.97,Cash,Returned
ORD10751,2025-06-15,Jun,Customer_751,Unisex,North,Jaipur,Watches,Smart Watch,Nike,L,Grey,4,2022,10,7279.2,1337.79,Card,Delivered
ORD10752,2025-06-18,Jun,Customer_752,Unisex,East,Kolkata,Watches,Analog Watch,Nike,S,Pink,2,4311,20,6897.6,2253.88,Cash,Delivered
ORD10753,2025-11-08,Nov,Customer_753,Women,North,Lucknow,Jackets,Bomber Jacket,H&M,M,Red,1,3953,25,2964.75,938.68,UPI,Delivered
ORD10754,2025-03-03,Mar,Customer_754,Women,East,Guwahati,Caps,Beanie,Nike,M,Black,1,4208,5,3997.6,220.96,Cash,Returned
ORD10755,2025-07-26,Jul,Customer_755,Men,East,Bhubaneswar,Shirts,Formal Shirt,Allen Solly,S,Brown,1,4869,20,3895.2,101.41,UPI,Cancelled
ORD10756,2025-06-27,Jun,Customer_756,Unisex,East,Patna,Dresses,Casual Dress,Levis,S,Pink,4,1152,20,3686.4,1184.81,Cash,Delivered
ORD10757,2025-01-15,Jan,Customer_757,Women,East,Kolkata,Caps,Beanie,Adidas,XL,Red,2,890,30,1246.0,152.89,Card,Delivered
ORD10758,2025-05-13,May,Customer_758,Women,North,Delhi,Jeans,Slim Jeans,Puma,L,Pink,1,1406,0,1406.0,514.96,Cash,Delivered
ORD10759,2025-03-06,Mar,Customer_759,Unisex,West,Mumbai,Shoes,Sneakers,Tommy Hilfiger,XL,Blue,3,1711,30,3593.1,976.87,Wallet,Delivered
ORD10760,2025-06-14,Jun,Customer_760,Unisex,West,Ahmedabad,Jackets,Bomber Jacket,Allen Solly,S,Grey,4,2349,0,9396.0,1772.0,Wallet,Delivered
ORD10761,2025-09-11,Sep,Customer_761,Women,North,Delhi,Jackets,Bomber Jacket,H&M,M,Brown,1,2239,0,2239.0,659.0,UPI,Delivered
ORD10762,2025-12-29,Dec,Customer_762,Men,East,Patna,Watches,Analog Watch,Tommy Hilfiger,L,Pink,4,1760,30,4928.0,1237.78,Net Banking,Delivered
ORD10763,2025-08-05,Aug,Customer_763,Men,North,Lucknow,Jackets,Winter Jacket,H&M,XL,Blue,2,3015,30,4221.0,1140.02,UPI,Delivered
ORD10764,2025-01-15,Jan,Customer_764,Unisex,South,Hyderabad,Jackets,Denim Jacket,Allen Solly,S,Grey,4,4848,15,16483.2,3486.34,Net Banking,Delivered
ORD10765,2025-01-28,Jan,Customer_765,Women,West,Ahmedabad,Jackets,Denim Jacket,Roadster,XL,Red,4,2732,10,9835.2,286.07,Cash,Cancelled
ORD10766,2025-09-23,Sep,Customer_766,Men,East,Guwahati,Jackets,Winter Jacket,Zara,M,Blue,4,1393,25,4179.0,555.67,UPI,Delivered
ORD10767,2025-05-22,May,Customer_767,Unisex,North,Delhi,Shirts,Polo Shirt,H&M,L,Brown,2,3813,15,6482.1,1440.0,Card,Delivered
ORD10768,2025-01-02,Jan,Customer_768,Women,East,Patna,Shoes,Sneakers,Puma,L,Red,1,2015,20,1612.0,114.78,Card,Returned
ORD10769,2025-06-20,Jun,Customer_769,Women,South,Chennai,Watches,Sports Watch,Adidas,S,White,4,1660,0,6640.0,1946.64,Cash,Delivered
ORD10770,2025-10-26,Oct,Customer_770,Men,East,Guwahati,Jeans,Slim Jeans,Nike,S,Green,1,4499,30,3149.3,580.58,Card,Delivered
ORD10771,2025-06-21,Jun,Customer_771,Women,North,Lucknow,Shoes,Sneakers,Adidas,XL,Green,4,4518,25,13554.0,572.53,Cash,Returned
ORD10772,2025-09-23,Sep,Customer_772,Unisex,East,Patna,Caps,Baseball Cap,Puma,S,White,5,4466,0,22330.0,849.36,Net Banking,Returned
ORD10773,2025-01-16,Jan,Customer_773,Men,East,Guwahati,Jackets,Bomber Jacket,Zara,XL,Blue,2,4027,10,7248.6,1258.65,Cash,Delivered
ORD10774,2025-06-19,Jun,Customer_774,Unisex,East,Patna,Caps,Snapback Cap,Zara,Free Size,Grey,4,3917,10,14101.2,2826.22,Wallet,Delivered
ORD10775,2025-02-26,Feb,Customer_775,Men,East,Patna,Jeans,Regular Jeans,Allen Solly,Free Size,Green,1,4586,25,3439.5,108.86,Wallet,Cancelled
ORD10776,2025-05-31,May,Customer_776,Men,East,Kolkata,Shoes,Formal Shoes,Allen Solly,S,Brown,1,4217,0,4217.0,148.86,Cash,Returned
ORD10777,2025-05-09,May,Customer_777,Unisex,North,Delhi,Shirts,Linen Shirt,Puma,Free Size,White,2,3367,10,6060.6,392.93,UPI,Returned
ORD10778,2025-05-29,May,Customer_778,Unisex,West,Mumbai,Bags,Handbag,H&M,XL,Pink,2,762,15,1295.4,469.66,Net Banking,Delivered
ORD10779,2025-10-16,Oct,Customer_779,Men,East,Bhubaneswar,Jeans,Regular Jeans,Levis,L,White,4,3140,30,8792.0,475.34,Net Banking,Cancelled
ORD10780,2025-10-18,Oct,Customer_780,Men,North,Lucknow,Jackets,Winter Jacket,Levis,M,Brown,4,4970,5,18886.0,4112.45,Cash,Delivered
ORD10781,2025-08-04,Aug,Customer_781,Women,West,Indore,Watches,Smart Watch,Puma,S,White,4,4277,0,17108.0,6112.09,Wallet,Delivered
ORD10782,2025-11-14,Nov,Customer_782,Men,East,Bhubaneswar,Bags,Handbag,Tommy Hilfiger,XL,Black,5,2902,0,14510.0,4590.78,Net Banking,Delivered
ORD10783,2025-11-29,Nov,Customer_783,Unisex,North,Lucknow,Caps,Baseball Cap,Adidas,XL,Grey,1,3230,20,2584.0,375.52,UPI,Delivered
ORD10784,2025-09-22,Sep,Customer_784,Unisex,North,Jaipur,Jeans,Cargo Jeans,Tommy Hilfiger,M,Green,2,4556,5,8656.4,308.38,Cash,Cancelled
ORD10785,2025-02-04,Feb,Customer_785,Men,South,Bangalore,Shirts,Linen Shirt,Tommy Hilfiger,M,Red,1,1752,20,1401.6,97.77,UPI,Returned
ORD10786,2025-01-29,Jan,Customer_786,Men,West,Indore,Caps,Baseball Cap,Fastrack,Free Size,Green,1,2955,15,2511.75,617.31,Wallet,Delivered
ORD10787,2025-03-16,Mar,Customer_787,Men,North,Chandigarh,Caps,Snapback Cap,Tommy Hilfiger,M,Red,1,2012,5,1911.4,127.23,Net Banking,Cancelled
ORD10788,2025-07-08,Jul,Customer_788,Women,North,Chandigarh,Caps,Beanie,Levis,XL,Pink,3,3703,15,9442.65,2845.92,Card,Delivered
ORD10789,2025-01-06,Jan,Customer_789,Unisex,North,Chandigarh,Shirts,Polo Shirt,Allen Solly,XL,Black,5,2979,0,14895.0,857.14,Cash,Cancelled
ORD10790,2025-03-23,Mar,Customer_790,Women,East,Kolkata,Shoes,Sandals,Allen Solly,Free Size,Pink,3,4600,30,9660.0,3321.74,Wallet,Delivered
ORD10791,2025-08-24,Aug,Customer_791,Women,East,Patna,Jeans,Slim Jeans,Zara,S,Brown,2,2779,30,3890.6,1238.29,Net Banking,Delivered
ORD10792,2025-12-24,Dec,Customer_792,Men,East,Bhubaneswar,Caps,Snapback Cap,Zara,S,Black,3,3350,20,8040.0,2255.57,Card,Delivered
ORD10793,2025-06-15,Jun,Customer_793,Unisex,West,Indore,Jackets,Denim Jacket,Adidas,XL,Pink,2,2437,0,4874.0,1725.14,UPI,Delivered
ORD10794,2025-08-15,Aug,Customer_794,Women,North,Delhi,Shirts,Polo Shirt,Adidas,XL,White,3,740,5,2109.0,85.84,Wallet,Cancelled
ORD10795,2025-12-14,Dec,Customer_795,Unisex,West,Indore,Jackets,Denim Jacket,Levis,M,Blue,3,2346,5,6686.1,2092.48,Wallet,Delivered
ORD10796,2025-01-03,Jan,Customer_796,Women,North,Jaipur,Shirts,Formal Shirt,H&M,M,Brown,3,3841,20,9218.4,2416.24,Card,Delivered
ORD10797,2025-11-13,Nov,Customer_797,Unisex,East,Patna,Jackets,Bomber Jacket,Allen Solly,XL,Blue,5,1628,30,5698.0,783.25,Wallet,Delivered
ORD10798,2025-03-02,Mar,Customer_798,Men,East,Kolkata,Jeans,Slim Jeans,Fastrack,M,Green,4,2387,0,9548.0,2638.95,Cash,Delivered
ORD10799,2025-05-28,May,Customer_799,Unisex,North,Jaipur,Dresses,Casual Dress,Puma,Free Size,Green,1,4876,20,3900.8,142.58,Net Banking,Returned
ORD10800,2025-12-01,Dec,Customer_800,Women,West,Ahmedabad,Shirts,Formal Shirt,Tommy Hilfiger,S,White,1,763,10,686.7,157.64,Card,Delivered
ORD10801,2025-02-07,Feb,Customer_801,Unisex,South,Kochi,Watches,Sports Watch,Nike,Free Size,Blue,5,788,10,3546.0,1330.01,Wallet,Delivered
ORD10802,2025-01-19,Jan,Customer_802,Women,North,Delhi,Caps,Baseball Cap,Levis,L,Red,4,4657,5,17696.6,5115.87,UPI,Delivered
ORD10803,2025-10-10,Oct,Customer_803,Men,West,Mumbai,Shirts,Formal Shirt,H&M,XL,Pink,4,926,15,3148.4,200.92,Wallet,Cancelled
ORD10804,2025-06-30,Jun,Customer_804,Men,North,Lucknow,Shoes,Running Shoes,Allen Solly,S,Black,2,3309,15,5625.3,2017.78,Card,Delivered
ORD10805,2025-05-08,May,Customer_805,Women,North,Delhi,Dresses,Casual Dress,Fastrack,S,Grey,1,1126,0,1126.0,172.22,Cash,Delivered
ORD10806,2025-12-03,Dec,Customer_806,Men,West,Indore,Jackets,Winter Jacket,Zara,XL,Grey,1,1128,0,1128.0,41.75,Card,Returned
ORD10807,2025-12-01,Dec,Customer_807,Unisex,East,Patna,Caps,Snapback Cap,Levis,S,Black,2,4814,10,8665.2,351.64,Cash,Returned
ORD10808,2025-02-10,Feb,Customer_808,Women,West,Ahmedabad,Dresses,Casual Dress,Tommy Hilfiger,Free Size,Red,2,1622,30,2270.8,848.7,UPI,Delivered
ORD10809,2025-12-24,Dec,Customer_809,Women,North,Jaipur,Watches,Sports Watch,Zara,L,Pink,4,4216,0,16864.0,2117.03,Cash,Delivered
ORD10810,2025-01-10,Jan,Customer_810,Women,West,Indore,Jeans,Slim Jeans,Levis,M,Pink,4,3650,15,12410.0,1632.51,Wallet,Delivered
ORD10811,2025-11-08,Nov,Customer_811,Men,East,Kolkata,Shirts,Polo Shirt,Nike,L,Pink,3,2649,30,5562.9,1757.11,Net Banking,Delivered
ORD10812,2025-10-01,Oct,Customer_812,Women,West,Ahmedabad,Shirts,Formal Shirt,Fastrack,M,Pink,4,3971,20,12707.2,780.22,Net Banking,Returned
ORD10813,2025-02-13,Feb,Customer_813,Men,East,Patna,Jackets,Denim Jacket,Nike,Free Size,Green,2,4945,10,8901.0,1849.26,Cash,Delivered
ORD10814,2025-06-07,Jun,Customer_814,Women,North,Delhi,Bags,Laptop Bag,Tommy Hilfiger,XL,Black,5,3128,30,10948.0,2066.7,Net Banking,Delivered
ORD10815,2025-11-23,Nov,Customer_815,Women,East,Guwahati,Shirts,Linen Shirt,Nike,Free Size,Grey,5,2283,15,9702.75,1312.12,UPI,Delivered
ORD10816,2025-09-11,Sep,Customer_816,Unisex,East,Patna,Caps,Baseball Cap,Levis,S,Red,2,2362,25,3543.0,117.18,UPI,Returned
ORD10817,2025-01-22,Jan,Customer_817,Women,West,Ahmedabad,Shirts,Casual Shirt,Fastrack,S,Grey,5,2366,0,11830.0,4346.85,Wallet,Delivered
ORD10818,2025-09-17,Sep,Customer_818,Women,North,Delhi,Shirts,Casual Shirt,Puma,Free Size,Grey,4,1426,20,4563.2,639.47,Net Banking,Delivered
ORD10819,2025-01-13,Jan,Customer_819,Women,East,Bhubaneswar,Jeans,Cargo Jeans,Roadster,XL,Green,3,3450,10,9315.0,695.88,Wallet,Cancelled
ORD10820,2025-03-18,Mar,Customer_820,Unisex,North,Lucknow,Shirts,Casual Shirt,Puma,Free Size,Grey,5,708,0,3540.0,985.36,Card,Delivered
ORD10821,2025-11-29,Nov,Customer_821,Unisex,South,Kochi,Dresses,Casual Dress,Nike,Free Size,Pink,1,1132,5,1075.4,57.43,Wallet,Returned
ORD10822,2025-06-12,Jun,Customer_822,Women,West,Indore,Jeans,Cargo Jeans,Nike,M,Grey,3,2096,30,4401.6,1186.51,Card,Delivered
ORD10823,2025-07-29,Jul,Customer_823,Women,South,Kochi,Caps,Beanie,Adidas,XL,Red,3,1151,10,3107.7,825.77,Net Banking,Delivered
ORD10824,2025-07-28,Jul,Customer_824,Women,South,Chennai,Dresses,Maxi Dress,Tommy Hilfiger,L,Blue,5,1630,20,6520.0,1223.62,UPI,Delivered
ORD10825,2025-11-20,Nov,Customer_825,Women,South,Kochi,Dresses,Party Dress,Fastrack,L,Brown,2,1972,15,3352.4,415.81,UPI,Delivered
ORD10826,2025-02-07,Feb,Customer_826,Women,North,Jaipur,Shoes,Running Shoes,Roadster,L,White,2,4717,30,6603.8,1701.27,Net Banking,Delivered
ORD10827,2025-06-22,Jun,Customer_827,Women,North,Lucknow,Jackets,Bomber Jacket,Levis,XL,Pink,5,1381,25,5178.75,136.47,Net Banking,Cancelled
ORD10828,2025-10-29,Oct,Customer_828,Unisex,South,Chennai,Dresses,Party Dress,Allen Solly,L,Brown,5,1185,5,5628.75,397.23,Net Banking,Returned
ORD10829,2025-04-29,Apr,Customer_829,Unisex,East,Kolkata,Watches,Smart Watch,Zara,Free Size,Pink,3,4540,10,12258.0,324.97,Cash,Returned
ORD10830,2025-01-22,Jan,Customer_830,Women,South,Chennai,Watches,Smart Watch,Puma,S,Grey,2,4025,20,6440.0,247.74,Cash,Returned
ORD10831,2025-08-13,Aug,Customer_831,Unisex,East,Guwahati,Shoes,Running Shoes,Levis,S,Red,2,1886,10,3394.8,1236.36,Cash,Delivered
ORD10832,2025-11-03,Nov,Customer_832,Women,South,Bangalore,Shoes,Running Shoes,H&M,S,Grey,1,4921,20,3936.8,1290.24,Card,Delivered
ORD10833,2025-06-01,Jun,Customer_833,Women,South,Kochi,Bags,Travel Bag,Allen Solly,S,White,1,1481,15,1258.85,441.99,Cash,Delivered
ORD10834,2025-06-17,Jun,Customer_834,Unisex,South,Bangalore,Jeans,Regular Jeans,Adidas,Free Size,Blue,2,4652,10,8373.6,321.19,Cash,Cancelled
ORD10835,2025-10-13,Oct,Customer_835,Men,East,Bhubaneswar,Shirts,Linen Shirt,Adidas,M,Green,1,564,5,535.8,83.36,Net Banking,Delivered
ORD10836,2025-03-09,Mar,Customer_836,Men,West,Ahmedabad,Shoes,Sandals,Zara,S,Pink,2,1225,20,1960.0,134.4,UPI,Cancelled
ORD10837,2025-01-20,Jan,Customer_837,Men,South,Chennai,Caps,Snapback Cap,Tommy Hilfiger,L,Brown,4,2654,20,8492.8,371.77,Wallet,Returned
ORD10838,2025-09-08,Sep,Customer_838,Men,East,Guwahati,Shoes,Formal Shoes,H&M,S,Green,4,3424,20,10956.8,2684.96,Net Banking,Delivered
ORD10839,2025-04-01,Apr,Customer_839,Women,West,Mumbai,Caps,Beanie,H&M,M,Brown,4,3111,25,9333.0,279.09,Net Banking,Cancelled
ORD10840,2025-05-18,May,Customer_840,Unisex,North,Lucknow,Dresses,Casual Dress,H&M,L,Green,5,2261,30,7913.5,2560.3,Cash,Delivered
ORD10841,2025-05-14,May,Customer_841,Unisex,West,Indore,Dresses,Party Dress,Allen Solly,S,Green,1,2697,15,2292.45,709.12,Net Banking,Delivered
ORD10842,2025-11-17,Nov,Customer_842,Unisex,South,Chennai,Dresses,Maxi Dress,Tommy Hilfiger,S,Pink,1,3199,5,3039.05,842.7,UPI,Delivered
ORD10843,2025-09-23,Sep,Customer_843,Unisex,North,Delhi,Watches,Smart Watch,Fastrack,XL,Red,2,3465,20,5544.0,951.32,Cash,Delivered
ORD10844,2025-10-11,Oct,Customer_844,Men,West,Pune,Shoes,Formal Shoes,Puma,Free Size,Pink,2,610,0,1220.0,82.92,Net Banking,Returned
ORD10845,2025-04-28,Apr,Customer_845,Unisex,East,Kolkata,Shirts,Casual Shirt,Levis,XL,White,2,775,10,1395.0,439.39,Cash,Delivered
ORD10846,2025-01-08,Jan,Customer_846,Men,West,Mumbai,Jeans,Slim Jeans,Adidas,Free Size,Green,5,1742,0,8710.0,2711.66,Cash,Delivered
ORD10847,2025-08-23,Aug,Customer_847,Women,East,Patna,Dresses,Casual Dress,Nike,XL,Green,2,1315,10,2367.0,176.11,Net Banking,Returned
ORD10848,2025-05-26,May,Customer_848,Unisex,East,Guwahati,Jeans,Slim Jeans,Roadster,XL,Grey,5,4649,5,22082.75,4845.53,Wallet,Delivered
ORD10849,2025-04-29,Apr,Customer_849,Women,North,Chandigarh,Jeans,Regular Jeans,H&M,L,White,4,3528,15,11995.2,639.15,UPI,Cancelled
ORD10850,2025-10-31,Oct,Customer_850,Unisex,South,Kochi,Jeans,Cargo Jeans,Zara,Free Size,Red,2,1186,5,2253.4,506.63,UPI,Delivered
ORD10851,2025-03-19,Mar,Customer_851,Men,East,Patna,Caps,Beanie,Roadster,L,Red,1,3132,25,2349.0,627.14,Wallet,Delivered
ORD10852,2025-06-14,Jun,Customer_852,Unisex,East,Bhubaneswar,Caps,Snapback Cap,Allen Solly,S,Blue,4,4455,20,14256.0,753.43,Net Banking,Cancelled
ORD10853,2025-09-24,Sep,Customer_853,Men,North,Jaipur,Jeans,Regular Jeans,Zara,XL,Brown,1,1860,5,1767.0,413.08,Card,Delivered
ORD10854,2025-01-05,Jan,Customer_854,Unisex,West,Indore,Caps,Baseball Cap,Fastrack,L,Grey,3,1462,15,3728.1,282.51,Wallet,Cancelled
ORD10855,2025-09-25,Sep,Customer_855,Women,South,Hyderabad,Watches,Sports Watch,Zara,M,Grey,2,3540,20,5664.0,1569.92,Card,Delivered
ORD10856,2025-04-02,Apr,Customer_856,Women,East,Guwahati,Shoes,Sandals,Nike,M,Red,2,4353,0,8706.0,3293.14,UPI,Delivered
ORD10857,2025-11-01,Nov,Customer_857,Women,North,Chandigarh,Caps,Beanie,Adidas,S,Red,2,1045,10,1881.0,536.93,Cash,Delivered
ORD10858,2025-11-16,Nov,Customer_858,Men,East,Patna,Bags,Travel Bag,Tommy Hilfiger,S,White,4,2585,20,8272.0,431.24,UPI,Cancelled
ORD10859,2025-03-06,Mar,Customer_859,Unisex,East,Kolkata,Jackets,Winter Jacket,Zara,L,Brown,5,3636,10,16362.0,882.47,Card,Returned
ORD10860,2025-11-11,Nov,Customer_860,Women,South,Bangalore,Shoes,Running Shoes,H&M,S,Black,2,1673,5,3178.7,774.4,Card,Delivered
ORD10861,2025-09-14,Sep,Customer_861,Unisex,East,Patna,Caps,Beanie,Allen Solly,XL,Grey,1,2471,20,1976.8,439.33,Cash,Delivered
ORD10862,2025-11-21,Nov,Customer_862,Women,South,Chennai,Watches,Sports Watch,Adidas,L,Blue,3,1669,30,3504.9,819.04,Wallet,Delivered
ORD10863,2025-07-07,Jul,Customer_863,Unisex,South,Bangalore,Dresses,Casual Dress,Puma,M,Pink,4,3333,25,9999.0,460.47,Cash,Returned
ORD10864,2025-09-27,Sep,Customer_864,Women,West,Ahmedabad,Shoes,Running Shoes,H&M,L,Black,2,544,20,870.4,174.69,Wallet,Delivered
ORD10865,2025-01-23,Jan,Customer_865,Men,West,Indore,Bags,Backpack,Levis,XL,Brown,3,2745,25,6176.25,166.61,Net Banking,Returned
ORD10866,2025-07-09,Jul,Customer_866,Men,North,Delhi,Shoes,Sandals,Fastrack,XL,Blue,1,1753,25,1314.75,409.43,UPI,Delivered
ORD10867,2025-10-06,Oct,Customer_867,Women,East,Kolkata,Caps,Snapback Cap,Nike,L,White,3,2089,25,4700.25,1314.38,Wallet,Delivered
ORD10868,2025-12-08,Dec,Customer_868,Men,West,Indore,Watches,Sports Watch,Nike,L,Blue,1,1031,5,979.45,65.53,Card,Returned
ORD10869,2025-03-30,Mar,Customer_869,Women,South,Kochi,Caps,Baseball Cap,Levis,XL,Blue,1,3048,10,2743.2,728.99,Wallet,Delivered
ORD10870,2025-02-14,Feb,Customer_870,Men,North,Jaipur,Caps,Baseball Cap,Adidas,S,Red,2,3099,20,4958.4,1402.84,Cash,Delivered
ORD10871,2025-03-09,Mar,Customer_871,Women,East,Bhubaneswar,Caps,Baseball Cap,H&M,M,Grey,3,935,15,2384.25,723.71,Net Banking,Delivered
ORD10872,2025-06-01,Jun,Customer_872,Unisex,South,Chennai,Jackets,Denim Jacket,Levis,L,Grey,3,4100,10,11070.0,1594.38,Wallet,Delivered
ORD10873,2025-03-21,Mar,Customer_873,Unisex,North,Chandigarh,Caps,Snapback Cap,Zara,L,Red,5,2224,25,8340.0,388.31,Cash,Cancelled
ORD10874,2025-04-22,Apr,Customer_874,Unisex,South,Hyderabad,Bags,Backpack,Fastrack,M,Brown,4,2635,0,10540.0,758.25,Card,Returned
ORD10875,2025-12-04,Dec,Customer_875,Women,East,Guwahati,Caps,Snapback Cap,Puma,S,White,5,776,10,3492.0,211.15,Net Banking,Cancelled
ORD10876,2025-07-03,Jul,Customer_876,Women,North,Jaipur,Caps,Beanie,Puma,Free Size,Brown,3,1832,15,4671.6,1224.72,Wallet,Delivered
ORD10877,2025-05-10,May,Customer_877,Men,West,Pune,Dresses,Casual Dress,Roadster,M,Blue,3,3266,15,8328.3,2468.71,Net Banking,Delivered
ORD10878,2025-03-25,Mar,Customer_878,Unisex,West,Mumbai,Dresses,Party Dress,Tommy Hilfiger,M,White,5,1862,10,8379.0,587.39,Card,Cancelled
ORD10879,2025-06-27,Jun,Customer_879,Men,East,Bhubaneswar,Watches,Analog Watch,Adidas,M,White,4,3742,5,14219.6,681.84,Cash,Cancelled
ORD10880,2025-08-12,Aug,Customer_880,Men,South,Chennai,Bags,Backpack,Zara,XL,White,1,2503,5,2377.85,708.66,Cash,Delivered
ORD10881,2025-08-30,Aug,Customer_881,Women,West,Pune,Jeans,Regular Jeans,Fastrack,M,Grey,4,4295,25,12885.0,2359.41,Card,Delivered
ORD10882,2025-10-01,Oct,Customer_882,Men,West,Indore,Dresses,Party Dress,Levis,M,White,1,3340,15,2839.0,167.03,Card,Returned
ORD10883,2025-02-09,Feb,Customer_883,Women,North,Chandigarh,Watches,Smart Watch,Puma,XL,Blue,2,1630,15,2771.0,467.95,Cash,Delivered
ORD10884,2025-05-26,May,Customer_884,Women,West,Pune,Dresses,Casual Dress,Zara,XL,White,3,3667,25,8250.75,2751.89,Card,Delivered
ORD10885,2025-02-12,Feb,Customer_885,Men,North,Chandigarh,Dresses,Casual Dress,Fastrack,L,White,3,1329,25,2990.25,1029.37,Wallet,Delivered
ORD10886,2025-12-01,Dec,Customer_886,Women,North,Chandigarh,Dresses,Casual Dress,Allen Solly,S,Brown,4,3959,30,11085.2,1487.33,Wallet,Delivered
ORD10887,2025-04-02,Apr,Customer_887,Men,East,Kolkata,Watches,Smart Watch,Puma,M,Black,4,4854,30,13591.2,597.2,Cash,Cancelled
ORD10888,2025-01-25,Jan,Customer_888,Women,West,Indore,Bags,Handbag,Fastrack,L,Black,4,2806,0,11224.0,1701.6,Wallet,Delivered
ORD10889,2025-01-13,Jan,Customer_889,Men,East,Patna,Watches,Smart Watch,Roadster,XL,Grey,5,2688,5,12768.0,2505.62,Cash,Delivered
ORD10890,2025-05-08,May,Customer_890,Men,North,Chandigarh,Shirts,Formal Shirt,Puma,XL,Pink,2,1187,20,1899.2,54.92,Cash,Cancelled
ORD10891,2025-01-21,Jan,Customer_891,Unisex,South,Kochi,Watches,Smart Watch,Tommy Hilfiger,S,Pink,1,3174,10,2856.6,74.25,Wallet,Returned
ORD10892,2025-01-12,Jan,Customer_892,Women,West,Indore,Jeans,Regular Jeans,Levis,S,Red,2,2603,25,3904.5,1131.34,Wallet,Delivered
ORD10893,2025-07-11,Jul,Customer_893,Women,South,Bangalore,Bags,Laptop Bag,Tommy Hilfiger,M,Green,5,4373,5,20771.75,6600.99,Wallet,Delivered
ORD10894,2025-01-03,Jan,Customer_894,Men,East,Patna,Shirts,Linen Shirt,Zara,L,Green,4,2195,0,8780.0,567.77,Net Banking,Cancelled
ORD10895,2025-12-30,Dec,Customer_895,Unisex,South,Bangalore,Watches,Analog Watch,H&M,Free Size,Brown,3,2309,0,6927.0,386.47,Wallet,Cancelled
ORD10896,2025-09-01,Sep,Customer_896,Women,East,Guwahati,Dresses,Casual Dress,Tommy Hilfiger,M,Brown,5,601,10,2704.5,564.04,Net Banking,Delivered
ORD10897,2025-07-26,Jul,Customer_897,Men,West,Ahmedabad,Jackets,Bomber Jacket,Zara,M,Grey,1,1142,25,856.5,211.13,Cash,Delivered
ORD10898,2025-03-21,Mar,Customer_898,Women,West,Mumbai,Bags,Laptop Bag,Allen Solly,S,Green,5,1864,20,7456.0,1576.37,Wallet,Delivered
ORD10899,2025-11-07,Nov,Customer_899,Unisex,South,Kochi,Caps,Baseball Cap,Roadster,L,White,1,1293,15,1099.05,194.27,Card,Delivered
ORD10900,2025-08-03,Aug,Customer_900,Men,East,Bhubaneswar,Dresses,Casual Dress,Roadster,L,Pink,5,2783,10,12523.5,802.33,Card,Cancelled
ORD10901,2025-03-22,Mar,Customer_901,Women,East,Guwahati,Dresses,Party Dress,Allen Solly,M,Blue,2,3776,10,6796.8,821.51,Net Banking,Delivered
ORD10902,2025-11-13,Nov,Customer_902,Unisex,South,Bangalore,Dresses,Party Dress,Roadster,Free Size,Pink,2,1634,20,2614.4,735.12,UPI,Delivered
ORD10903,2025-12-17,Dec,Customer_903,Women,South,Kochi,Watches,Sports Watch,H&M,Free Size,Red,1,3532,0,3532.0,221.22,Card,Cancelled
ORD10904,2025-12-31,Dec,Customer_904,Men,South,Kochi,Caps,Beanie,H&M,Free Size,Brown,2,3142,5,5969.8,1171.13,Net Banking,Delivered
ORD10905,2025-04-01,Apr,Customer_905,Women,West,Pune,Jackets,Bomber Jacket,Tommy Hilfiger,M,Red,4,4596,25,13788.0,410.61,Net Banking,Returned
ORD10906,2025-07-17,Jul,Customer_906,Men,West,Indore,Jeans,Slim Jeans,Nike,Free Size,Black,1,3915,10,3523.5,246.41,Net Banking,Returned
ORD10907,2025-01-21,Jan,Customer_907,Unisex,East,Guwahati,Caps,Snapback Cap,Nike,XL,Pink,3,3771,25,8484.75,612.8,UPI,Cancelled
ORD10908,2025-07-07,Jul,Customer_908,Men,North,Jaipur,Jeans,Slim Jeans,Levis,L,Blue,4,3282,5,12471.6,4457.02,Cash,Delivered
ORD10909,2025-06-25,Jun,Customer_909,Women,South,Hyderabad,Jeans,Regular Jeans,Allen Solly,Free Size,Green,3,4141,10,11180.7,726.11,Wallet,Cancelled
ORD10910,2025-04-24,Apr,Customer_910,Men,East,Kolkata,Shirts,Casual Shirt,Zara,Free Size,Green,3,3470,25,7807.5,305.61,Net Banking,Cancelled
ORD10911,2025-03-17,Mar,Customer_911,Men,South,Chennai,Caps,Snapback Cap,Levis,S,Red,5,2893,30,10125.5,445.32,Wallet,Cancelled
ORD10912,2025-07-06,Jul,Customer_912,Women,North,Lucknow,Bags,Handbag,Tommy Hilfiger,M,Grey,5,4732,15,20111.0,4907.35,Wallet,Delivered
ORD10913,2025-03-31,Mar,Customer_913,Women,South,Kochi,Watches,Smart Watch,Allen Solly,M,Green,4,3610,0,14440.0,4243.54,Card,Delivered
ORD10914,2025-07-02,Jul,Customer_914,Unisex,North,Jaipur,Jackets,Denim Jacket,Levis,Free Size,Red,4,4261,20,13635.2,4871.89,Card,Delivered
ORD10915,2025-06-18,Jun,Customer_915,Unisex,West,Mumbai,Watches,Sports Watch,Nike,Free Size,Blue,5,1049,10,4720.5,249.1,UPI,Returned
ORD10916,2025-05-12,May,Customer_916,Men,South,Chennai,Caps,Snapback Cap,Fastrack,S,Green,2,2506,5,4761.4,1425.11,Wallet,Delivered
ORD10917,2025-09-25,Sep,Customer_917,Unisex,North,Jaipur,Bags,Backpack,H&M,XL,Brown,3,997,5,2841.45,101.82,UPI,Returned
ORD10918,2025-03-01,Mar,Customer_918,Unisex,South,Kochi,Shirts,Polo Shirt,Adidas,M,Brown,4,1182,15,4018.8,137.7,Cash,Returned
ORD10919,2025-10-29,Oct,Customer_919,Unisex,West,Pune,Shirts,Linen Shirt,Adidas,L,Brown,5,4236,0,21180.0,3927.92,Card,Delivered
ORD10920,2025-05-16,May,Customer_920,Unisex,East,Patna,Watches,Sports Watch,Allen Solly,L,Brown,5,2538,10,11421.0,437.6,UPI,Returned
ORD10921,2025-09-11,Sep,Customer_921,Women,East,Guwahati,Shoes,Sandals,Nike,S,Brown,2,1963,0,3926.0,249.47,Cash,Cancelled
ORD10922,2025-06-07,Jun,Customer_922,Men,South,Chennai,Shoes,Sneakers,Adidas,L,Red,5,3000,10,13500.0,4310.14,Wallet,Delivered
ORD10923,2025-03-29,Mar,Customer_923,Unisex,South,Kochi,Shoes,Formal Shoes,Zara,Free Size,Pink,2,1786,10,3214.8,1185.44,Cash,Delivered
ORD10924,2025-03-16,Mar,Customer_924,Women,East,Patna,Jackets,Winter Jacket,Allen Solly,XL,Green,3,3232,25,7272.0,308.37,Net Banking,Cancelled
ORD10925,2025-07-29,Jul,Customer_925,Unisex,West,Mumbai,Dresses,Party Dress,Nike,M,Red,3,1645,15,4194.75,1339.94,Cash,Delivered
ORD10926,2025-07-15,Jul,Customer_926,Women,East,Guwahati,Bags,Laptop Bag,Nike,L,Blue,3,2132,30,4477.2,157.5,UPI,Returned
ORD10927,2025-01-24,Jan,Customer_927,Unisex,West,Indore,Jackets,Denim Jacket,Puma,XL,Black,4,4488,5,17054.4,657.74,UPI,Returned
ORD10928,2025-05-26,May,Customer_928,Women,East,Guwahati,Shirts,Polo Shirt,Levis,XL,White,1,4364,5,4145.8,1446.97,Card,Delivered
ORD10929,2025-05-06,May,Customer_929,Unisex,North,Chandigarh,Bags,Handbag,Fastrack,L,Black,3,4976,30,10449.6,609.8,Card,Returned
ORD10930,2025-04-20,Apr,Customer_930,Women,East,Guwahati,Jeans,Cargo Jeans,Puma,M,Green,2,3130,15,5321.0,953.51,Cash,Delivered
ORD10931,2025-07-22,Jul,Customer_931,Women,West,Indore,Shirts,Casual Shirt,Adidas,S,Pink,4,892,30,2497.6,128.57,UPI,Returned
ORD10932,2025-11-21,Nov,Customer_932,Men,East,Patna,Watches,Sports Watch,Allen Solly,Free Size,White,1,1117,20,893.6,25.73,Wallet,Returned
ORD10933,2025-12-17,Dec,Customer_933,Men,South,Bangalore,Jeans,Cargo Jeans,Allen Solly,L,Blue,4,2767,15,9407.8,446.56,Card,Cancelled
ORD10934,2025-07-25,Jul,Customer_934,Men,West,Mumbai,Watches,Smart Watch,Fastrack,S,Red,5,2905,0,14525.0,4098.36,Cash,Delivered
ORD10935,2025-09-30,Sep,Customer_935,Unisex,South,Hyderabad,Dresses,Maxi Dress,Levis,Free Size,White,4,2140,30,5992.0,1998.91,Card,Delivered
ORD10936,2025-01-14,Jan,Customer_936,Men,South,Bangalore,Shoes,Sneakers,Levis,L,Grey,5,822,30,2877.0,440.48,Card,Delivered
ORD10937,2025-05-19,May,Customer_937,Women,South,Kochi,Jackets,Denim Jacket,Levis,S,Pink,2,2278,30,3189.2,677.35,UPI,Delivered
ORD10938,2025-08-17,Aug,Customer_938,Unisex,West,Mumbai,Caps,Snapback Cap,H&M,S,Blue,4,3769,5,14322.2,2484.39,Card,Delivered
ORD10939,2025-11-06,Nov,Customer_939,Unisex,North,Chandigarh,Jeans,Slim Jeans,H&M,L,Brown,3,3094,15,7889.7,1338.53,Cash,Delivered
ORD10940,2025-08-04,Aug,Customer_940,Men,North,Chandigarh,Jeans,Regular Jeans,Nike,XL,Green,4,1318,10,4744.8,1013.97,Card,Delivered
ORD10941,2025-05-21,May,Customer_941,Unisex,West,Mumbai,Jeans,Cargo Jeans,Roadster,S,White,3,870,5,2479.5,843.84,Wallet,Delivered
ORD10942,2025-11-02,Nov,Customer_942,Women,North,Delhi,Shoes,Sneakers,Allen Solly,M,White,2,2899,10,5218.2,1464.04,Wallet,Delivered
ORD10943,2025-01-16,Jan,Customer_943,Women,North,Jaipur,Shoes,Sneakers,Puma,Free Size,Grey,4,2170,10,7812.0,1757.31,UPI,Delivered
ORD10944,2025-03-15,Mar,Customer_944,Unisex,West,Mumbai,Shirts,Polo Shirt,Nike,Free Size,White,4,879,20,2812.8,122.65,Card,Returned
ORD10945,2025-08-03,Aug,Customer_945,Unisex,South,Bangalore,Jeans,Slim Jeans,Puma,XL,White,1,1419,15,1206.15,290.38,Wallet,Delivered
ORD10946,2025-03-07,Mar,Customer_946,Unisex,West,Ahmedabad,Shirts,Polo Shirt,Allen Solly,S,Brown,3,4922,10,13289.4,980.21,Net Banking,Cancelled
ORD10947,2025-04-26,Apr,Customer_947,Men,South,Chennai,Jackets,Denim Jacket,H&M,M,Red,1,1275,25,956.25,43.03,Cash,Returned
ORD10948,2025-03-09,Mar,Customer_948,Unisex,West,Ahmedabad,Shoes,Formal Shoes,Puma,S,Pink,3,3956,10,10681.2,623.6,UPI,Returned
ORD10949,2025-05-02,May,Customer_949,Women,South,Bangalore,Jackets,Denim Jacket,Nike,L,Red,2,3749,10,6748.2,830.33,Wallet,Delivered
ORD10950,2025-10-07,Oct,Customer_950,Women,West,Ahmedabad,Dresses,Party Dress,H&M,L,White,4,1464,25,4392.0,169.2,Cash,Returned
ORD10951,2025-12-09,Dec,Customer_951,Women,West,Mumbai,Watches,Smart Watch,Fastrack,S,White,3,4751,10,12827.7,1749.83,UPI,Delivered
ORD10952,2025-03-06,Mar,Customer_952,Unisex,North,Lucknow,Jackets,Winter Jacket,Adidas,M,Pink,3,3014,15,7685.7,1793.86,Wallet,Delivered
ORD10953,2025-07-01,Jul,Customer_953,Men,North,Jaipur,Jackets,Denim Jacket,H&M,Free Size,Grey,5,1742,20,6968.0,478.81,Wallet,Returned
ORD10954,2025-03-23,Mar,Customer_954,Men,South,Hyderabad,Jackets,Bomber Jacket,Fastrack,M,Pink,1,1855,25,1391.25,79.28,Card,Returned
ORD10955,2025-09-25,Sep,Customer_955,Women,East,Guwahati,Bags,Backpack,Roadster,S,Blue,4,4402,15,14966.8,609.75,Cash,Cancelled
ORD10956,2025-07-30,Jul,Customer_956,Women,North,Delhi,Bags,Handbag,Tommy Hilfiger,M,Pink,2,1676,15,2849.2,951.16,Net Banking,Delivered
ORD10957,2025-05-22,May,Customer_957,Unisex,North,Jaipur,Jackets,Denim Jacket,Puma,M,Red,2,3787,0,7574.0,467.7,Net Banking,Returned
ORD10958,2025-09-24,Sep,Customer_958,Women,North,Delhi,Shoes,Formal Shoes,Puma,M,Brown,3,4793,0,14379.0,922.07,Cash,Returned
ORD10959,2025-02-06,Feb,Customer_959,Men,West,Pune,Jeans,Cargo Jeans,Tommy Hilfiger,XL,Pink,3,2728,0,8184.0,1793.85,Wallet,Delivered
ORD10960,2025-02-15,Feb,Customer_960,Women,South,Bangalore,Shoes,Sandals,Levis,XL,Pink,5,3469,5,16477.75,1140.37,UPI,Cancelled
ORD10961,2025-08-03,Aug,Customer_961,Women,East,Patna,Jeans,Regular Jeans,Levis,M,Brown,3,3420,0,10260.0,253.14,Card,Cancelled
ORD10962,2025-10-15,Oct,Customer_962,Women,North,Chandigarh,Dresses,Casual Dress,Levis,S,Blue,5,3577,20,14308.0,729.51,Wallet,Cancelled
ORD10963,2025-07-04,Jul,Customer_963,Men,North,Jaipur,Jeans,Cargo Jeans,Adidas,L,Brown,5,3954,30,13839.0,615.49,Net Banking,Cancelled
ORD10964,2025-10-18,Oct,Customer_964,Women,North,Jaipur,Shirts,Linen Shirt,Roadster,XL,Black,2,696,25,1044.0,382.05,Net Banking,Delivered
ORD10965,2025-05-22,May,Customer_965,Women,East,Bhubaneswar,Bags,Laptop Bag,Puma,M,Red,4,890,10,3204.0,153.24,Wallet,Cancelled
ORD10966,2025-09-13,Sep,Customer_966,Men,East,Bhubaneswar,Watches,Sports Watch,Roadster,L,Green,1,3233,10,2909.7,163.1,UPI,Cancelled
ORD10967,2025-11-24,Nov,Customer_967,Women,East,Guwahati,Jeans,Cargo Jeans,Roadster,L,Grey,2,3634,5,6904.6,260.74,Net Banking,Cancelled
ORD10968,2025-02-27,Feb,Customer_968,Women,East,Kolkata,Watches,Analog Watch,Zara,Free Size,White,2,3042,20,4867.2,294.04,Net Banking,Returned
ORD10969,2025-05-15,May,Customer_969,Women,North,Chandigarh,Jeans,Slim Jeans,Adidas,S,Green,2,3285,20,5256.0,1114.21,Wallet,Delivered
ORD10970,2025-05-06,May,Customer_970,Women,West,Mumbai,Jeans,Regular Jeans,H&M,M,Red,5,1768,25,6630.0,2506.78,Card,Delivered
ORD10971,2025-06-01,Jun,Customer_971,Women,South,Bangalore,Jackets,Winter Jacket,H&M,Free Size,Red,2,669,30,936.6,261.48,Net Banking,Delivered
ORD10972,2025-12-28,Dec,Customer_972,Women,West,Ahmedabad,Shoes,Sandals,Tommy Hilfiger,Free Size,Grey,3,2658,15,6777.9,1465.78,UPI,Delivered
ORD10973,2025-09-17,Sep,Customer_973,Men,South,Bangalore,Shoes,Formal Shoes,H&M,L,Red,4,4884,10,17582.4,517.8,Net Banking,Returned
ORD10974,2025-10-30,Oct,Customer_974,Unisex,West,Indore,Bags,Backpack,Allen Solly,S,Grey,4,1028,5,3906.4,491.23,Net Banking,Delivered
ORD10975,2025-10-19,Oct,Customer_975,Unisex,North,Lucknow,Shoes,Running Shoes,Puma,M,Pink,3,724,25,1629.0,448.65,Card,Delivered
ORD10976,2025-04-30,Apr,Customer_976,Unisex,East,Patna,Caps,Beanie,Fastrack,Free Size,Grey,5,4660,15,19805.0,623.86,UPI,Returned
ORD10977,2025-11-11,Nov,Customer_977,Men,North,Delhi,Shirts,Polo Shirt,Tommy Hilfiger,M,White,1,4838,15,4112.3,254.88,Card,Cancelled
ORD10978,2025-02-18,Feb,Customer_978,Women,East,Kolkata,Shirts,Linen Shirt,Adidas,M,Grey,4,3672,30,10281.6,464.67,Card,Cancelled
ORD10979,2025-05-10,May,Customer_979,Men,South,Kochi,Jeans,Regular Jeans,Puma,L,Blue,4,1242,5,4719.6,886.02,Cash,Delivered
ORD10980,2025-11-07,Nov,Customer_980,Men,East,Kolkata,Caps,Baseball Cap,Fastrack,Free Size,Black,1,983,25,737.25,160.0,UPI,Delivered
ORD10981,2025-02-05,Feb,Customer_981,Unisex,North,Lucknow,Watches,Smart Watch,Levis,M,Grey,2,2043,25,3064.5,862.43,UPI,Delivered
ORD10982,2025-12-28,Dec,Customer_982,Men,South,Kochi,Shoes,Formal Shoes,Tommy Hilfiger,Free Size,Black,2,4655,5,8844.5,2934.02,Wallet,Delivered
ORD10983,2025-12-16,Dec,Customer_983,Men,North,Lucknow,Jeans,Regular Jeans,Levis,Free Size,White,2,4746,5,9017.4,3192.7,Wallet,Delivered
ORD10984,2025-03-01,Mar,Customer_984,Men,West,Indore,Watches,Smart Watch,Fastrack,XL,Red,5,1035,10,4657.5,857.06,Net Banking,Delivered
ORD10985,2025-09-24,Sep,Customer_985,Unisex,West,Mumbai,Shirts,Polo Shirt,Nike,Free Size,Pink,1,3124,20,2499.2,133.15,Wallet,Cancelled
ORD10986,2025-04-12,Apr,Customer_986,Women,South,Kochi,Jackets,Winter Jacket,Puma,S,Brown,3,3991,15,10177.05,2372.64,UPI,Delivered
ORD10987,2025-09-12,Sep,Customer_987,Men,West,Ahmedabad,Watches,Sports Watch,Allen Solly,L,White,3,950,20,2280.0,766.37,Cash,Delivered
ORD10988,2025-04-07,Apr,Customer_988,Women,East,Guwahati,Shirts,Formal Shirt,Nike,Free Size,White,3,4904,0,14712.0,983.27,Wallet,Cancelled
ORD10989,2025-08-23,Aug,Customer_989,Men,South,Bangalore,Watches,Sports Watch,Nike,XL,Red,2,2314,25,3471.0,141.12,Wallet,Cancelled
ORD10990,2025-05-29,May,Customer_990,Men,South,Bangalore,Shirts,Formal Shirt,Roadster,XL,Red,1,2468,25,1851.0,613.69,Cash,Delivered
ORD10991,2025-11-15,Nov,Customer_991,Women,South,Chennai,Dresses,Maxi Dress,Zara,M,Green,3,3962,25,8914.5,478.42,Net Banking,Cancelled
ORD10992,2025-04-08,Apr,Customer_992,Women,West,Ahmedabad,Shirts,Linen Shirt,Roadster,S,Brown,4,2575,20,8240.0,202.23,Card,Cancelled
ORD10993,2025-09-08,Sep,Customer_993,Women,North,Jaipur,Jackets,Denim Jacket,Adidas,XL,Green,1,2001,20,1600.8,65.67,Wallet,Cancelled
ORD10994,2025-03-03,Mar,Customer_994,Men,East,Kolkata,Bags,Laptop Bag,Tommy Hilfiger,M,Black,4,2154,0,8616.0,2276.65,Net Banking,Delivered
ORD10995,2025-07-18,Jul,Customer_995,Men,South,Bangalore,Caps,Baseball Cap,Adidas,XL,Grey,2,1183,30,1656.2,497.42,Net Banking,Delivered
ORD10996,2025-04-18,Apr,Customer_996,Women,North,Jaipur,Shoes,Sandals,Tommy Hilfiger,L,White,3,857,20,2056.8,254.42,Cash,Delivered
ORD10997,2025-03-20,Mar,Customer_997,Men,West,Indore,Caps,Baseball Cap,Nike,L,Brown,3,4640,0,13920.0,497.11,UPI,Cancelled
ORD10998,2025-03-15,Mar,Customer_998,Women,East,Bhubaneswar,Caps,Baseball Cap,H&M,Free Size,Black,5,3100,0,15500.0,2308.8,Wallet,Delivered
ORD10999,2025-02-23,Feb,Customer_999,Women,North,Jaipur,Shoes,Formal Shoes,Puma,Free Size,Blue,2,547,15,929.9,112.42,Card,Delivered
ORD11000,2025-05-25,May,Customer_1000,Unisex,West,Indore,Shirts,Formal Shirt,Nike,XL,Green,5,3667,15,15584.75,5558.5,Cash,Delivered
